BRAND,FlashName,ID,CE,TYPE,SIZE,FlashID1,FlashID2,FlashID,MaxBlock,MaxPage,MaxSector,MaxZone,MaxBank,MaxPhyBlock,MaxLogBlock,BlockPerDie,RWCycle,6913RWCycle,6919RWCycle,BinFileName,BinFileNameLLF,DQSDelay,6913DQSDelay,DefWrite,DefRead,FMAutoECC,ECCClock,Driving,6913Driving,6921Driving,BBPercent1,BBPercent2,EnableBitECC,Enable12BitECC,DisableWriteCache,DisableReadStatus,Homogenous,ThreadNumber,OriginOSC,Toggle,ECCAllow,FlashCase,LoadTLC_FW,FullFirmwareBlock,EnableBCT,SLC_boundary,Sync,ReadRetryTable,FirmwarePage,LoadPattern_FW,LLFBLOCK,LLFBLOCK_ECC,InterceptUFI,FW_Enable_Toggle,ZoneShift,ShiftByte,SET_LC_enable ,LC_Value,for_DG,FlashDriving,FlashDriving2 ,InitValue_Enable,9023,9024,SLC_Path,SLC_Mode,1Ynm
Sandisk,SDTNQCAMA-004G,"0x45,0xD7,0x98,0x92,0x72,0x57",1,TLC,4096,81,5,0x8C,2048,516,16,1,1,1064,2018,-1,0x03,0x03,1,98_8C_EX3.BIN,98_8C_EX3_MP.BIN,0x13,0x03,0xFF,0xFF,0xFF,0xFF,0x00,0x88,0x00,6.5,6.5,68,0,0,0,1,5,0,0,0,0,1,0,1,0,0,98_EX3TABLE_V2.BIN,0xFF,0,128,30,1,0,0,0xFF,0x51,0x59,0,0,0,0x00,0x00,0x02,XX,0,0
Samsung,K9CFGD8U1A,"0xEC,0x3A,0xD9,0xCE,0x78,0xC4",2,TLC,32768,84,5,0x3D,2048,384,16,4,4,2048,1950,5576,0x03,0x03,1,98_3D_K9ACG.BIN,98_3D_K9ACG.BIN,0x13,0x03,0xFF,0xFF,0xFF,0xFF,0x00,0x88,0x00,6.2,6.2,72,0,0,0,1,5,0,1,0,0,1,1,0,0,0,0xFF,0xFF,0,0,0,1,0,0,0xFF,0x51,0x59,0,0,0,0x00,0x00,0x02,XX,0,0
Samsung,K9ACGD8U0A,"0xEC,0xDE,0x98,0xCE,0x74,0xC4",1,TLC,8192,82,15,0x3C,2048,384,16,2,2,2048,1900,2788,0x03,0x03,1,98_3C_K9ACG.BIN,98_3C_K9ACG.BIN,0x13,0x03,0xFF,0xFF,0xFF,0xFF,0x00,0x88,0x00,6.2,6.2,72,0,0,0,1,5,0,1,0,0,0,1,0,0,0,0xFF,0xFF,0,0,0,1,0,0,0xFF,0x51,0x59,0,0,0,0x00,0x00,0x02,XX,0,0
Transcend,TCGSTAP-0S06,"0xEC,0xDE,0x98,0xCE,0x74,0xC4",1,TLC,8192,82,23,0x3C,2048,384,16,2,2,2048,1900,2788,0x03,0x03,1,98_3C_K9ACG.BIN,98_3C_K9ACG.BIN,0x13,0x03,0xFF,0xFF,0xFF,0xFF,0x00,0x88,0x00,6.2,6.2,72,0,0,0,1,5,0,1,0,0,0,1,0,0,0,0xFF,0xFF,0,0,0,1,0,0,0xFF,0x51,0x59,0,0,0,0x00,0x00,0x02,XX,0,0
Transcend,TCGSTAP-0S03,"0xEC,0xDE,0x98,0xCE,0x74,0xC4",1,TLC,8192,82,24,0x3C,2048,384,16,2,2,2048,1900,2788,0x03,0x03,1,98_3C_K9ACG.BIN,98_3C_K9ACG.BIN,0x13,0x03,0xFF,0xFF,0xFF,0xFF,0x00,0x88,0x00,6.2,6.2,72,0,0,0,1,5,0,1,0,0,0,1,0,0,0,0xFF,0xFF,0,0,0,1,0,0,0xFF,0x51,0x59,0,0,0,0x00,0x00,0x02,XX,0,0
Transcend,TCGSTAP-0S04,"0xEC,0xDE,0x98,0xCE,0x74,0xC4",1,TLC,8192,82,25,0x3C,2048,384,16,2,2,2048,1900,2788,0x03,0x03,1,98_3C_K9ACG.BIN,98_3C_K9ACG.BIN,0x13,0x03,0xFF,0xFF,0xFF,0xFF,0x00,0x88,0x00,6.2,6.2,72,0,0,0,1,5,0,1,0,0,0,1,0,0,0,0xFF,0xFF,0,0,0,1,0,0,0xFF,0x51,0x59,0,0,0,0x00,0x00,0x02,XX,0,0
Samsung,K9ABGD8U0C,"0xEC,0xD7,0x98,0xCE,0x74,0xC4",1,TLC,4096,81,12,0x3C,2048,384,16,1,1,2048,1300,1397,0x03,0x03,1,98_3C_K9ACG.BIN,98_3C_K9ACG.BIN,0x13,0x03,0xFF,0xFF,0xFF,0xFF,0x00,0x88,0x00,6.2,6.2,72,0,0,0,1,5,0,1,0,0,0,1,0,0,0,0xFF,0xFF,0,0,0,1,0,0,0xFF,0x51,0x59,0,0,0,0x00,0x00,0x02,XX,0,0
Transcend,TBGSTCP-0S03,"0xEC,0xD7,0x98,0xCE,0x74,0xC4",1,TLC,4096,81,33,0x3C,2048,384,16,1,1,2048,1300,1397,0x03,0x03,1,98_3C_K9ACG.BIN,98_3C_K9ACG.BIN,0x13,0x03,0xFF,0xFF,0xFF,0xFF,0x00,0x88,0x00,6.2,6.2,72,0,0,0,1,5,0,1,0,0,0,1,0,0,0,0xFF,0xFF,0,0,0,1,0,0,0xFF,0x51,0x59,0,0,0,0x00,0x00,0x02,XX,0,0
Transcend,TBGSTCP-0S06,"0xEC,0xD7,0x98,0xCE,0x74,0xC4",1,TLC,4096,81,34,0x3C,2048,384,16,1,1,2048,1300,1397,0x03,0x03,1,98_3C_K9ACG.BIN,98_3C_K9ACG.BIN,0x13,0x03,0xFF,0xFF,0xFF,0xFF,0x00,0x88,0x00,6.2,6.2,72,0,0,0,1,5,0,1,0,0,0,1,0,0,0,0xFF,0xFF,0,0,0,1,0,0,0xFF,0x51,0x59,0,0,0,0x00,0x00,0x02,XX,0,0
Transcend,TBGSTCP-0S04,"0xEC,0xD7,0x98,0xCE,0x74,0xC4",1,TLC,4096,81,35,0x3C,2048,384,16,1,1,2048,1300,1397,0x03,0x03,1,98_3C_K9ACG.BIN,98_3C_K9ACG.BIN,0x13,0x03,0xFF,0xFF,0xFF,0xFF,0x00,0x88,0x00,6.2,6.2,72,0,0,0,1,5,0,1,0,0,0,1,0,0,0,0xFF,0xFF,0,0,0,1,0,0,0xFF,0x51,0x59,0,0,0,0x00,0x00,0x02,XX,0,0
Transcend,TDGSTAP-1D03,"0xEC,0xDE,0x98,0xCE,0x74,0xC4",2,TLC,16384,83,14,0x3D,2048,384,16,2,2,2048,1900,2788,0x03,0x03,1,98_3D_K9ACG.BIN,98_3D_K9ACG.BIN,0x13,0x03,0xFF,0xFF,0xFF,0xFF,0x00,0x88,0x00,6.2,6.2,72,0,0,0,1,5,0,1,0,0,1,1,0,0,0,0xFF,0xFF,0,0,0,1,0,0,0xFF,0x51,0x59,0,0,0,0x00,0x00,0x02,XX,0,0
Transcend,TDGSTAP-1D06,"0xEC,0xDE,0x98,0xCE,0x74,0xC4",2,TLC,16384,83,15,0x3D,2048,384,16,2,2,2048,1900,2788,0x03,0x03,1,98_3D_K9ACG.BIN,98_3D_K9ACG.BIN,0x13,0x03,0xFF,0xFF,0xFF,0xFF,0x00,0x88,0x00,6.2,6.2,72,0,0,0,1,5,0,1,0,0,1,1,0,0,0,0xFF,0xFF,0,0,0,1,0,0,0xFF,0x51,0x59,0,0,0,0x00,0x00,0x02,XX,0,0
Transcend,TDGSTAP-1D04,"0xEC,0xDE,0x98,0xCE,0x74,0xC4",2,TLC,16384,83,16,0x3D,2048,384,16,2,2,2048,1900,2788,0x03,0x03,1,98_3D_K9ACG.BIN,98_3D_K9ACG.BIN,0x13,0x03,0xFF,0xFF,0xFF,0xFF,0x00,0x88,0x00,6.2,6.2,72,0,0,0,1,5,0,1,0,0,1,1,0,0,0,0xFF,0xFF,0,0,0,1,0,0,0xFF,0x51,0x59,0,0,0,0x00,0x00,0x02,XX,0,0
Samsung,K9UHG08U8M-D,"0xEC,0xDE,0xD5,0x72,0x58,0x42",4,MLC,32768,85,1,0x02,2048,256,16,8,2,2048,2018,-1,0x03,0x03,1,98_35_K9GBG.BIN,98_35_K9GBG.BIN,0x13,0x03,0xFF,0xFF,0xFF,0xFF,0x00,0x88,0x33,6.5,6.5,24,0,0,0,1,8,0,0,0,0,0,1,0,0,0,0xFF,0xFF,0,0,0,1,0,0,0xFF,0,0,0,0,0,0x00,0x00,0x02,XX,0,0
Transcend,TCGSTCP-1D06,"0xEC,0xD7,0x98,0xCE,0x74,0xC4",2,TLC,8192,82,27,0x3D,2048,384,16,1,1,2048,1300,1397,0x03,0x03,1,98_3D_K9ACG.BIN,98_3D_K9ACG.BIN,0x13,0x03,0xFF,0xFF,0xFF,0xFF,0x00,0x88,0x00,6.2,6.2,72,0,0,0,1,5,0,1,0,0,1,1,0,0,0,0xFF,0xFF,0,0,0,1,0,0,0xFF,0x51,0x59,0,0,0,0x00,0x00,0x02,XX,0,0
Transcend,TCGSTCP-1D03,"0xEC,0xD7,0x98,0xCE,0x74,0xC4",2,TLC,8192,82,28,0x3D,2048,384,16,1,1,2048,1300,1397,0x03,0x03,1,98_3D_K9ACG.BIN,98_3D_K9ACG.BIN,0x13,0x03,0xFF,0xFF,0xFF,0xFF,0x00,0x88,0x00,6.2,6.2,72,0,0,0,1,5,0,1,0,0,1,1,0,0,0,0xFF,0xFF,0,0,0,1,0,0,0xFF,0x51,0x59,0,0,0,0x00,0x00,0x02,XX,0,0
Transcend,TCGSTCP-1D04,"0xEC,0xD7,0x98,0xCE,0x74,0xC4",2,TLC,8192,82,29,0x3D,2048,384,16,1,1,2048,1300,1397,0x03,0x03,1,98_3D_K9ACG.BIN,98_3D_K9ACG.BIN,0x13,0x03,0xFF,0xFF,0xFF,0xFF,0x00,0x88,0x00,6.2,6.2,72,0,0,0,1,5,0,1,0,0,1,1,0,0,0,0xFF,0xFF,0,0,0,1,0,0,0xFF,0x51,0x59,0,0,0,0x00,0x00,0x02,XX,0,0
Transcend,TBGSMAI-0S03,"0xEC,0xD7,0x94,0x7A,0x54,0xC3",1,MLC,4096,81,26,0x02,1024,256,16,1,1,2048,2018,-1,0x03,0x03,1,98_35_K9GBG.BIN,98_35_K9GBG.BIN,0x13,0x03,0xFF,0xFF,0xFF,0xFF,0x00,0x00,0x00,6.5,6.5,44,0,0,0,1,8,0,1,0,0,1,1,0,0,0,0xFF,0xFF,0,0,0,1,0,0,0xFF,0,0,0,0,0,0x00,0x00,0x02,XX,0,0
Transcend,TBGSMAI-0S04,"0xEC,0xD7,0x94,0x7A,0x54,0xC3",1,MLC,4096,81,25,0x02,1024,256,16,1,1,2048,2018,-1,0x03,0x03,1,98_35_K9GBG.BIN,98_35_K9GBG.BIN,0x13,0x03,0xFF,0xFF,0xFF,0xFF,0x00,0x00,0x00,6.5,6.5,44,0,0,0,1,8,0,1,0,0,1,1,0,0,0,0xFF,0xFF,0,0,0,1,0,0,0xFF,0,0,0,0,0,0x00,0x00,0x02,XX,0,0
Micron,MT29F32G08CBACA,"0x2C,0x68,0x04,0x4A,0xA9,0x00",1,MLC,4096,81,8,0x62,2048,512,8,1,1,2048,1950,-1,0x03,0x03,1,98_84_L74SDP.BIN,98_84_L74SDP.BIN,0x13,0x03,0xFF,0xFF,0xFF,0xFF,0x00,0x88,0x00,6.5,6.5,24,0,0,0,0,8,0,0,0,0,0,1,0,0,0,0xFF,0xFF,0,0,0,1,0,0,0xFF,0x51,0x59,0,0,0,0x00,0x00,0x02,XX,0,0
Transcend,FBGMM3P-0S03,"0x2C,0x68,0x04,0x4A,0xA9,0x00",1,MLC,4096,81,11,0x62,2048,512,8,1,1,2048,1950,-1,0x03,0x03,1,98_84_L74SDP.BIN,98_84_L74SDP.BIN,0x13,0x03,0xFF,0xFF,0xFF,0xFF,0x00,0x88,0x00,6.5,6.5,24,0,0,0,0,8,0,0,0,0,0,1,0,0,0,0xFF,0xFF,0,0,0,1,0,0,0xFF,0x51,0x59,0,0,0,0x00,0x00,0x02,XX,0,0
Transcend,FBGMM3P-0S04,"0x2C,0x68,0x04,0x4A,0xA9,0x00",1,MLC,4096,81,12,0x62,2048,512,8,1,1,2048,1950,-1,0x03,0x03,1,98_84_L74SDP.BIN,98_84_L74SDP.BIN,0x13,0x03,0xFF,0xFF,0xFF,0xFF,0x00,0x88,0x00,6.5,6.5,24,0,0,0,0,8,0,0,0,0,0,1,0,0,0,0xFF,0xFF,0,0,0,1,0,0,0xFF,0x51,0x59,0,0,0,0x00,0x00,0x02,XX,0,0
Transcend,FCGMM3P-1D03,"0x2C,0x68,0x04,0x4A,0xA9,0x00",2,MLC,8192,82,16,0x64,2048,512,8,1,1,2048,1920,-1,0x03,0x03,1,98_85_L74DDP.BIN,98_85_L74DDP.BIN,0x13,0x03,0xFF,0xFF,0xFF,0xFF,0x00,0x11,0x00,6.5,6.5,24,0,0,0,0,8,0,0,0,0,0,1,0,0,0,0xFF,0xFF,0,0,0,1,0,0,0xFF,0,0,0,0,0,0x00,0x00,0x02,XX,0,0
Transcend,FCGMM3P-1D04,"0x2C,0x68,0x04,0x4A,0xA9,0x00",2,MLC,8192,82,17,0x64,2048,512,8,1,1,2048,1920,-1,0x03,0x03,1,98_85_L74DDP.BIN,98_85_L74DDP.BIN,0x13,0x03,0xFF,0xFF,0xFF,0xFF,0x00,0x11,0x00,6.5,6.5,24,0,0,0,0,8,0,0,0,0,0,1,0,0,0,0xFF,0xFF,0,0,0,1,0,0,0xFF,0,0,0,0,0,0x00,0x00,0x02,XX,0,0
Transcend,FDGMM4P-1D03,"0x2C,0x88,0x04,0x4B,0xA9,0x00",2,MLC,16384,83,2,0x64,2048,512,16,1,1,2048,1920,-1,0x03,0x03,1,98_85_L74DDP_0F.BIN,98_85_L74DDP_0F.BIN,0x13,0x03,0xFF,0xFF,0xFF,0xFF,0x00,0x11,0x00,6.5,6.5,24,0,0,0,0,8,0,0,0,0,0,1,0,0,0,0xFF,0xFF,0,0,0,1,0,0,0xFF,0x51,0x59,0,0,0,0x00,0x00,0x02,XX,0,0
Transcend,FDGMM4P-1D04,"0x2C,0x88,0x04,0x4B,0xA9,0x00",2,MLC,16384,83,1,0x64,2048,512,16,1,1,2048,1920,-1,0x03,0x03,1,98_85_L74DDP_0F.BIN,98_85_L74DDP_0F.BIN,0x13,0x03,0xFF,0xFF,0xFF,0xFF,0x00,0x11,0x00,6.5,6.5,24,0,0,0,0,8,0,0,0,0,0,1,0,0,0,0xFF,0xFF,0,0,0,1,0,0,0xFF,0x51,0x59,0,0,0,0x00,0x00,0x02,XX,0,0
Samsung,K9AAGD8U0A,"0xEC,0xD5,0x98,0xCE,0x74,0xC4",1,TLC,2048,80,18,0x3C,2048,384,16,1,1,1024,650,697,0x03,0x03,1,98_3C_K9ACG.BIN,98_3C_K9ACG.BIN,0x13,0x03,0xFF,0xFF,0xFF,0xFF,0x00,0x88,0x00,6.5,6.5,72,0,0,0,1,5,0,1,0,0,0,1,0,0,0,0xFF,0xFF,0,0,0,1,0,0,0xFF,0x51,0x59,0,0,0,0x00,0x00,0x02,XX,0,0
Transcend,TAGSTAP-0S03,"0xEC,0xD5,0x98,0xCE,0x74,0xC4",1,TLC,2048,80,8,0x3C,2048,384,16,1,1,1024,650,697,0x03,0x03,1,98_3C_K9ACG.BIN,98_3C_K9ACG.BIN,0x13,0x03,0xFF,0xFF,0xFF,0xFF,0x00,0x88,0x00,6.5,6.5,72,0,0,0,1,5,0,1,0,0,0,1,0,0,0,0xFF,0xFF,0,0,0,1,0,0,0xFF,0x51,0x59,0,0,0,0x00,0x00,0x02,XX,0,0
Transcend,TAGSTAP-0S04,"0xEC,0xD5,0x98,0xCE,0x74,0xC4",1,TLC,2048,80,9,0x3C,2048,384,16,1,1,1024,650,697,0x03,0x03,1,98_3C_K9ACG.BIN,98_3C_K9ACG.BIN,0x13,0x03,0xFF,0xFF,0xFF,0xFF,0x00,0x88,0x00,6.5,6.5,72,0,0,0,1,5,0,1,0,0,0,1,0,0,0,0xFF,0xFF,0,0,0,1,0,0,0xFF,0x51,0x59,0,0,0,0x00,0x00,0x02,XX,0,0
Transcend,TAGSTAP-0S06,"0xEC,0xD5,0x98,0xCE,0x74,0xC4",1,TLC,2048,80,10,0x3C,2048,384,16,1,1,1024,650,697,0x03,0x03,1,98_3C_K9ACG.BIN,98_3C_K9ACG.BIN,0x13,0x03,0xFF,0xFF,0xFF,0xFF,0x00,0x88,0x00,6.5,6.5,72,0,0,0,1,5,0,1,0,0,0,1,0,0,0,0xFF,0xFF,0,0,0,1,0,0,0xFF,0x51,0x59,0,0,0,0x00,0x00,0x02,XX,0,0
Transcend,TFGSTAP-1Q03,"0xEC,0x3A,0xD9,0xCE,0x78,0xC4",2,TLC,32768,84,6,0x3D,2048,384,16,4,4,2048,1950,5576,0x03,0x03,1,98_3D_K9ACG.BIN,98_3D_K9ACG.BIN,0x13,0x03,0xFF,0xFF,0xFF,0xFF,0x00,0x88,0x00,6.5,6.5,72,0,0,0,1,5,0,1,0,0,1,1,0,0,0,0xFF,0xFF,0,0,0,1,0,0,0xFF,0x51,0x59,0,0,0,0x00,0x00,0x02,XX,0,0
Transcend,TFGSTAP-1Q06,"0xEC,0x3A,0xD9,0xCE,0x78,0xC4",2,TLC,32768,84,7,0x3D,2048,384,16,4,4,2048,1950,5576,0x03,0x03,1,98_3D_K9ACG.BIN,98_3D_K9ACG.BIN,0x13,0x03,0xFF,0xFF,0xFF,0xFF,0x00,0x88,0x00,6.5,6.5,72,0,0,0,1,5,0,1,0,0,1,1,0,0,0,0xFF,0xFF,0,0,0,1,0,0,0xFF,0x51,0x59,0,0,0,0x00,0x00,0x02,XX,0,0
Transcend,TFGSTAP-1Q04,"0xEC,0x3A,0xD9,0xCE,0x78,0xC4",2,TLC,32768,84,8,0x3D,2048,384,16,4,4,2048,1950,5576,0x03,0x03,1,98_3D_K9ACG.BIN,98_3D_K9ACG.BIN,0x13,0x03,0xFF,0xFF,0xFF,0xFF,0x00,0x88,0x00,6.5,6.5,72,0,0,0,1,5,0,1,0,0,1,1,0,0,0,0xFF,0xFF,0,0,0,1,0,0,0xFF,0x51,0x59,0,0,0,0x00,0x00,0x02,XX,0,0
Transcend,FDGMM3P-2Q06,"0x2C,0x68,0x04,0x4A,0xA9,0x00",4,MLC,16384,83,8,0x64,2048,512,8,2,1,2048,1950,-1,0x03,0x03,1,98_85_L74DDP.BIN,98_85_L74DDP.BIN,0x13,0x03,0xFF,0xFF,0xFF,0xFF,0x00,0x88,0x00,6.5,6.5,24,0,0,0,0,8,0,0,0,0,0,1,0,0,0,0xFF,0xFF,0,0,0,1,0,0,0xFF,0,0,0,0,0,0x00,0x00,0x02,XX,0,0
Micron,MT29F64G08EBAAA,"0x2C,0x88,0x08,0x5F,0x89,0x00",1,TLC,8192,82,5,0x87,2048,768,16,1,1,2048,1300,1368,0x03,0x03,1,98_87_B74_SDP.BIN,98_87_B74_SDP.BIN,0x13,0x03,0xFF,0xFF,0xFF,0xFF,0x00,0x88,0x00,6.5,6.5,68,0,1,0,0,5,0,0,0,0,0,1,0,0,0,0xFF,0xFF,0,0,0,1,0,0,0xFF,0x51,0x59,0,0,0,0x51,0x70,0x02,B74,0,0
Transcend,FCGMT4P-0S03,"0x2C,0x88,0x08,0x5F,0x89,0x00",1,TLC,8192,82,21,0x87,2048,768,16,1,1,2048,1300,1368,0x03,0x03,1,98_87_B74_SDP.BIN,98_87_B74_SDP.BIN,0x13,0x03,0xFF,0xFF,0xFF,0xFF,0x00,0x88,0x00,6.5,6.5,68,0,1,0,0,5,0,0,0,0,0,1,0,0,0,0xFF,0xFF,0,0,0,1,0,0,0xFF,0x51,0x59,0,0,0,0x51,0x70,0x02,B74,0,0
Transcend,FCGMT4P-0S04,"0x2C,0x88,0x08,0x5F,0x89,0x00",1,TLC,8192,82,19,0x87,2048,768,16,1,1,2048,1300,1368,0x03,0x03,1,98_87_B74_SDP.BIN,98_87_B74_SDP.BIN,0x13,0x03,0xFF,0xFF,0xFF,0xFF,0x00,0x88,0x00,6.5,6.5,68,0,1,0,0,5,0,0,0,0,0,1,0,0,0,0xFF,0xFF,0,0,0,1,0,0,0xFF,0x51,0x59,0,0,0,0x51,0x70,0x02,B74,0,0
Transcend,FCGMT4P-0S06,"0x2C,0x88,0x08,0x5F,0x89,0x00",1,TLC,8192,82,20,0x87,2048,768,16,1,1,2048,1300,1368,0x03,0x03,1,98_87_B74_SDP.BIN,98_87_B74_SDP.BIN,0x13,0x03,0xFF,0xFF,0xFF,0xFF,0x00,0x88,0x00,6.5,6.5,68,0,1,0,0,5,0,0,0,0,0,1,0,0,0,0xFF,0xFF,0,0,0,1,0,0,0xFF,0x51,0x59,0,0,0,0x51,0x70,0x02,B74,0,0
Micron,MT29F64G08EBAAA*2,"0x2C,0x88,0x08,0x5F,0x89,0x00",2,TLC,16384,82,5,0x88,2048,768,16,1,1,2048,1300,1368,0x03,0x03,1,98_88_B74_DDP.BIN,98_88_B74_DDP.BIN,0x13,0x03,0xFF,0xFF,0xFF,0xFF,0x33,0x11,0x00,6.5,6.5,68,0,1,0,0,5,0,0,0,0,0,1,0,0,0,0xFF,0xFF,0,0,0,1,0,0,0xFF,0x51,0x59,0,0,0,0x51,0x70,0x02,B74,1,0
Transcend,FCGMT4P-0S03*2,"0x2C,0x88,0x08,0x5F,0x89,0x00",2,TLC,16384,82,21,0x88,2048,768,16,1,1,2048,1300,1368,0x03,0x03,1,98_88_B74_DDP.BIN,98_88_B74_DDP.BIN,0x13,0x03,0xFF,0xFF,0xFF,0xFF,0x33,0x11,0x00,6.5,6.5,68,0,1,0,0,5,0,0,0,0,0,1,0,0,0,0xFF,0xFF,0,0,0,1,0,0,0xFF,0x51,0x59,0,0,0,0x51,0x70,0x02,B74,1,0
Transcend,FCGMT4P-0S04*2,"0x2C,0x88,0x08,0x5F,0x89,0x00",2,TLC,16384,82,19,0x88,2048,768,16,1,1,2048,1300,1368,0x03,0x03,1,98_88_B74_DDP.BIN,98_88_B74_DDP.BIN,0x13,0x03,0xFF,0xFF,0xFF,0xFF,0x33,0x11,0x00,6.5,6.5,68,0,1,0,0,5,0,0,0,0,0,1,0,0,0,0xFF,0xFF,0,0,0,1,0,0,0xFF,0x51,0x59,0,0,0,0x51,0x70,0x02,B74,1,0
Transcend,FCGMT4P-0S06*2,"0x2C,0x88,0x08,0x5F,0x89,0x00",2,TLC,16384,82,20,0x88,2048,768,16,1,1,2048,1300,1368,0x03,0x03,1,98_88_B74_DDP.BIN,98_88_B74_DDP.BIN,0x13,0x03,0xFF,0xFF,0xFF,0xFF,0x33,0x11,0x00,6.5,6.5,68,0,1,0,0,5,0,0,0,0,0,1,0,0,0,0xFF,0xFF,0,0,0,1,0,0,0xFF,0x51,0x59,0,0,0,0x51,0x70,0x02,B74,1,0
Transcend,FDGMT4P-1D03,"0x2C,0x88,0x08,0x5F,0x89,0x00",2,TLC,16384,83,9,0x88,2048,768,16,1,1,2048,1300,1368,0x03,0x03,1,98_88_B74_DDP.BIN,98_88_B74_DDP.BIN,0x13,0x03,0xFF,0xFF,0xFF,0xFF,0x33,0x11,0x00,6.5,6.5,68,0,1,0,0,5,0,0,0,0,0,1,0,0,0,0xFF,0xFF,0,0,0,1,0,0,0xFF,0x51,0x59,0,0,0,0x51,0x70,0x02,B74,1,0
Transcend,FDGMT4P-1D04,"0x2C,0x88,0x08,0x5F,0x89,0x00",2,TLC,16384,83,13,0x88,2048,768,16,1,1,2048,1300,1368,0x03,0x03,1,98_88_B74_DDP.BIN,98_88_B74_DDP.BIN,0x13,0x03,0xFF,0xFF,0xFF,0xFF,0x33,0x11,0x00,6.5,6.5,68,0,1,0,0,5,0,0,0,0,0,1,0,0,0,0xFF,0xFF,0,0,0,1,0,0,0xFF,0x51,0x59,0,0,0,0x51,0x70,0x02,B74,1,0
Transcend,FDGMT4P-1D06,"0x2C,0x88,0x08,0x5F,0x89,0x00",2,TLC,16384,83,10,0x88,2048,768,16,1,1,2048,1300,1368,0x03,0x03,1,98_88_B74_DDP.BIN,98_88_B74_DDP.BIN,0x13,0x03,0xFF,0xFF,0xFF,0xFF,0x33,0x11,0x00,6.5,6.5,68,0,1,0,0,5,0,0,0,0,0,1,0,0,0,0xFF,0xFF,0,0,0,1,0,0,0xFF,0x51,0x59,0,0,0,0x51,0x70,0x02,B74,1,0
Transcend,FDGMT4P-1D03*2,"0x2C,0x88,0x08,0x5F,0x89,0x00",4,TLC,32768,83,9,0x88,2048,768,16,2,1,2048,1300,1368,0x03,0x03,1,98_88_B74_DDP.BIN,98_88_B74_DDP.BIN,0x13,0x03,0xFF,0xFF,0xFF,0xFF,0x55,0x33,0x22,6.5,6.5,68,0,1,0,0,5,0,0,0,0,0,1,0,0,0,0xFF,0xFF,0,0,0,1,0,0,0xFF,0x51,0x59,0,0,0,0x51,0x70,0x02,B74,1,0
Transcend,FDGMT4P-1D04*2,"0x2C,0x88,0x08,0x5F,0x89,0x00",4,TLC,32768,83,13,0x88,2048,768,16,2,1,2048,1300,1368,0x03,0x03,1,98_88_B74_DDP.BIN,98_88_B74_DDP.BIN,0x13,0x03,0xFF,0xFF,0xFF,0xFF,0x55,0x33,0x22,6.5,6.5,68,0,1,0,0,5,0,0,0,0,0,1,0,0,0,0xFF,0xFF,0,0,0,1,0,0,0xFF,0x51,0x59,0,0,0,0x51,0x70,0x02,B74,1,0
Transcend,FDGMT4P-1D06*2,"0x2C,0x88,0x08,0x5F,0x89,0x00",4,TLC,32768,83,10,0x88,2048,768,16,2,1,2048,1300,1368,0x03,0x03,1,98_88_B74_DDP.BIN,98_88_B74_DDP.BIN,0x13,0x03,0xFF,0xFF,0xFF,0xFF,0x55,0x33,0x22,6.5,6.5,68,0,1,0,0,5,0,0,0,0,0,1,0,0,0,0xFF,0xFF,0,0,0,1,0,0,0xFF,0x51,0x59,0,0,0,0x51,0x70,0x02,B74,1,0
Transcend,FFGMT4P-1Q04,"0x2C,0xA8,0x09,0xDF,0x89,0x00",2,TLC,32768,84,3,0x88,2048,768,16,2,2,2048,1300,1368,0x03,0x03,1,98_88_B74_DDP.BIN,98_88_B74_DDP.BIN,0x13,0x03,0xFF,0xFF,0xFF,0xFF,0x00,0x33,0x00,6.5,6.5,68,0,1,0,0,5,0,0,0,0,0,1,0,0,0,0xFF,0xFF,0,0,0,1,0,0,0xFF,0x51,0x59,0,0,0,0x51,0x70,0x02,B74,1,0
Micron,MT29F512G08CUAAA,"0x2C,0xA8,0x05,0xCB,0xA9,0x00",4,MLC,65536,85,1,0x62,2048,512,16,8,2,2048,1920,-1,0x03,0x03,1,98_84_L74SDP.BIN,98_84_L74SDP.BIN,0x13,0x03,0xFF,0xFF,0xFF,0xFF,0x11,0x22,0x22,6.5,6.5,24,0,0,0,0,8,0,0,0,0,0,1,0,0,0,0xFF,0xFF,0,0,0,1,0,0,0xFF,0x51,0x59,0,0,0,0x00,0x00,0x02,XX,0,0
Samsung,K9GCGY8S0A,"0xEC,0xAE,0xA4,0x7A,0x68,0xC4",1,MLC,8192,82,14,0x3B,2048,512,16,1,1,2048,1900,-1,0x03,0x03,1,98_24_K9GCG_QP.BIN,98_24_K9GCG_QP.BIN,0x13,0x03,0xFF,0xFF,0xFF,0xFF,0x11,0x88,0x00,6.2,6.2,44,0,0,0,1,6,0,1,0,0,0,1,0,0,0,0xFF,0xFF,0,0,0,1,0,0,0xFF,0,0,0,0,0,0x00,0x00,0x02,XX,0,0
Samsung,K9ACGD8U0A*2,"0xEC,0xDE,0x98,0xCE,0x74,0xC4",2,TLC,16384,82,15,0x3D,2048,384,16,2,2,2048,1900,2788,0x03,0x03,1,98_3D_K9ACG.BIN,98_3D_K9ACG_0D.BIN,0x13,0x03,0xFF,0xFF,0xFF,0xFF,0x11,0x88,0x00,6.2,6.2,72,0,0,0,1,5,0,1,0,0,1,1,0,0,0,0xFF,0xFF,0,0,0,1,0,0,0xFF,0x51,0x59,0,0,0,0x00,0x00,0x02,XX,0,0
Transcend,TCGSTAP-0S03*2,"0xEC,0xDE,0x98,0xCE,0x74,0xC4",2,TLC,16384,82,24,0x3D,2048,384,16,2,2,2048,1900,2788,0x03,0x03,1,98_3D_K9ACG.BIN,98_3D_K9ACG_0D.BIN,0x13,0x03,0xFF,0xFF,0xFF,0xFF,0x11,0x88,0x00,6.2,6.2,72,0,0,0,1,5,0,1,0,0,1,1,0,0,0,0xFF,0xFF,0,0,0,1,0,0,0xFF,0x51,0x59,0,0,0,0x00,0x00,0x02,XX,0,0
Transcend,TCGSTAP-0S04*2,"0xEC,0xDE,0x98,0xCE,0x74,0xC4",2,TLC,16384,82,25,0x3D,2048,384,16,2,2,2048,1900,2788,0x03,0x03,1,98_3D_K9ACG.BIN,98_3D_K9ACG_0D.BIN,0x13,0x03,0xFF,0xFF,0xFF,0xFF,0x11,0x88,0x00,6.2,6.2,72,0,0,0,1,5,0,1,0,0,1,1,0,0,0,0xFF,0xFF,0,0,0,1,0,0,0xFF,0x51,0x59,0,0,0,0x00,0x00,0x02,XX,0,0
Transcend,TCGSTAP-0S06*2,"0xEC,0xDE,0x98,0xCE,0x74,0xC4",2,TLC,16384,82,23,0x3D,2048,384,16,2,2,2048,1900,2788,0x03,0x03,1,98_3D_K9ACG.BIN,98_3D_K9ACG_0D.BIN,0x13,0x03,0xFF,0xFF,0xFF,0xFF,0x11,0x88,0x00,6.2,6.2,72,0,0,0,1,5,0,1,0,0,1,1,0,0,0,0xFF,0xFF,0,0,0,1,0,0,0xFF,0x51,0x59,0,0,0,0x00,0x00,0x02,XX,0,0
Sandisk,SDZNPQDHER-064G,"0x45,0x6D,0x95,0x82,0x7A,0x56",4,MLC,65536,85,1,0x64,2048,512,16,4,2,2048,2018,-1,0x03,0x03,1,10_2F_SDMAHSM.BIN,10_2F_SDMAHSM.BIN,0x13,0x03,0x00,0x00,0xAC,0x80,0x00,0x11,0x00,6.5,6.5,44,0,0,0,1,6,0,0,0,0,0,1,0,0,0,0xFF,0xFF,0,0,0,1,0,0,0xFF,0,0,0,0,0,0x00,0x00,0x02,XX,0,0
Samsung,K9ABGD8U0C*2,"0xEC,0xD7,0x98,0xCE,0x74,0xC4",2,TLC,8192,81,12,0x3D,2048,384,16,1,1,2048,1300,1397,0x03,0x03,1,98_3D_K9ACG.BIN,98_3D_K9ACG.BIN,0x13,0x03,0xFF,0xFF,0xFF,0xFF,0x11,0x88,0x00,6.2,6.2,72,0,0,0,1,5,0,1,0,0,1,1,0,0,0,0xFF,0xFF,0,0,0,1,0,0,0xFF,0x51,0x59,0,0,0,0x00,0x00,0x02,XX,0,0
Transcend,TBGSTCP-0S03*2,"0xEC,0xD7,0x98,0xCE,0x74,0xC4",2,TLC,8192,81,33,0x3D,2048,384,16,1,1,2048,1300,1397,0x03,0x03,1,98_3D_K9ACG.BIN,98_3D_K9ACG.BIN,0x13,0x03,0xFF,0xFF,0xFF,0xFF,0x11,0x88,0x00,6.2,6.2,72,0,0,0,1,5,0,1,0,0,1,1,0,0,0,0xFF,0xFF,0,0,0,1,0,0,0xFF,0x51,0x59,0,0,0,0x00,0x00,0x02,XX,0,0
Transcend,TBGSTCP-0S04*2,"0xEC,0xD7,0x98,0xCE,0x74,0xC4",2,TLC,8192,81,35,0x3D,2048,384,16,1,1,2048,1300,1397,0x03,0x03,1,98_3D_K9ACG.BIN,98_3D_K9ACG.BIN,0x13,0x03,0xFF,0xFF,0xFF,0xFF,0x11,0x88,0x00,6.2,6.2,72,0,0,0,1,5,0,1,0,0,1,1,0,0,0,0xFF,0xFF,0,0,0,1,0,0,0xFF,0x51,0x59,0,0,0,0x00,0x00,0x02,XX,0,0
Transcend,TBGSTCP-0S06*2,"0xEC,0xD7,0x98,0xCE,0x74,0xC4",2,TLC,8192,81,34,0x3D,2048,384,16,1,1,2048,1300,1397,0x03,0x03,1,98_3D_K9ACG.BIN,98_3D_K9ACG.BIN,0x13,0x03,0xFF,0xFF,0xFF,0xFF,0x11,0x88,0x00,6.2,6.2,72,0,0,0,1,5,0,1,0,0,1,1,0,0,0,0xFF,0xFF,0,0,0,1,0,0,0xFF,0x51,0x59,0,0,0,0x00,0x00,0x02,XX,0,0
Transcend,TCGSTCP-1D03*2,"0xEC,0xD7,0x98,0xCE,0x74,0xC4",4,TLC,16384,82,28,0x3E,2048,384,16,1,1,2048,1300,1397,0x03,0x03,1,98_3E_K9ACG.BIN,98_3E_K9ACG.BIN,0x13,0x03,0xFF,0xFF,0xFF,0xFF,0x00,0x88,0x22,6.2,6.2,72,0,0,0,1,5,0,1,0,0,1,1,0,0,0,0xFF,0xFF,0,0,0,1,0,0,0xFF,0x51,0x59,0,0,0,0x00,0x00,0x02,XX,0,0
Transcend,TCGSTCP-1D04*2,"0xEC,0xD7,0x98,0xCE,0x74,0xC4",4,TLC,16384,82,29,0x3E,2048,384,16,1,1,2048,1300,1397,0x03,0x03,1,98_3E_K9ACG.BIN,98_3E_K9ACG.BIN,0x13,0x03,0xFF,0xFF,0xFF,0xFF,0x00,0x88,0x22,6.2,6.2,72,0,0,0,1,5,0,1,0,0,1,1,0,0,0,0xFF,0xFF,0,0,0,1,0,0,0xFF,0x51,0x59,0,0,0,0x00,0x00,0x02,XX,0,0
Transcend,TCGSTCP-1D06*2,"0xEC,0xD7,0x98,0xCE,0x74,0xC4",4,TLC,16384,82,27,0x3E,2048,384,16,1,1,2048,1300,1397,0x03,0x03,1,98_3E_K9ACG.BIN,98_3E_K9ACG.BIN,0x13,0x03,0xFF,0xFF,0xFF,0xFF,0x00,0x88,0x22,6.2,6.2,72,0,0,0,1,5,0,1,0,0,1,1,0,0,0,0xFF,0xFF,0,0,0,1,0,0,0xFF,0x51,0x59,0,0,0,0x00,0x00,0x02,XX,0,0
Transcend,TDGSTAP-1D03*2,"0xEC,0xDE,0x98,0xCE,0x74,0xC4",4,TLC,32768,83,14,0x3E,2048,384,16,2,2,2048,1900,2788,0x03,0x03,1,98_3E_K9ACG.BIN,98_3E_K9ACG.BIN,0x13,0x03,0xFF,0xFF,0xFF,0xFF,0x00,0x88,0x22,6.2,6.2,72,0,0,0,1,5,0,1,0,0,1,1,0,0,0,0xFF,0xFF,0,0,0,1,0,0,0xFF,0x51,0x59,0,0,0,0x00,0x00,0x02,XX,0,0
Transcend,TDGSTAP-1D06*2,"0xEC,0xDE,0x98,0xCE,0x74,0xC4",4,TLC,32768,83,15,0x3E,2048,384,16,2,2,2048,1900,2788,0x03,0x03,1,98_3E_K9ACG.BIN,98_3E_K9ACG.BIN,0x13,0x03,0xFF,0xFF,0xFF,0xFF,0x00,0x88,0x22,6.2,6.2,72,0,0,0,1,5,0,1,0,0,1,1,0,0,0,0xFF,0xFF,0,0,0,1,0,0,0xFF,0x51,0x59,0,0,0,0x00,0x00,0x02,XX,0,0
Transcend,TDGSTAP-1D04*2,"0xEC,0xDE,0x98,0xCE,0x74,0xC4",4,TLC,32768,83,16,0x3E,2048,384,16,2,2,2048,1900,2788,0x03,0x03,1,98_3E_K9ACG.BIN,98_3E_K9ACG.BIN,0x13,0x03,0xFF,0xFF,0xFF,0xFF,0x00,0x88,0x22,6.2,6.2,72,0,0,0,1,5,0,1,0,0,1,1,0,0,0,0xFF,0xFF,0,0,0,1,0,0,0xFF,0x51,0x59,0,0,0,0x00,0x00,0x02,XX,0,0
Samsung,K9AAGD8U0A*2,"0xEC,0xD5,0x98,0xCE,0x74,0xC4",2,TLC,4096,80,18,0x3D,2048,384,16,1,1,1024,650,697,0x03,0x03,1,98_3D_K9ACG.BIN,98_3D_K9ACG.BIN,0x13,0x03,0xFF,0xFF,0xFF,0xFF,0x00,0x88,0x00,6.2,6.2,72,0,0,0,1,5,0,1,0,0,1,1,0,0,0,0xFF,0xFF,0,0,0,1,0,0,0xFF,0x51,0x59,0,0,0,0x00,0x00,0x02,XX,0,0
Transcend,TAGSTAP-0S03*2,"0xEC,0xD5,0x98,0xCE,0x74,0xC4",2,TLC,4096,80,8,0x3D,2048,384,16,1,1,1024,650,697,0x03,0x03,1,98_3D_K9ACG.BIN,98_3D_K9ACG.BIN,0x13,0x03,0xFF,0xFF,0xFF,0xFF,0x00,0x88,0x00,6.2,6.2,72,0,0,0,1,5,0,1,0,0,1,1,0,0,0,0xFF,0xFF,0,0,0,1,0,0,0xFF,0x51,0x59,0,0,0,0x00,0x00,0x02,XX,0,0
Transcend,TAGSTAP-0S04*2,"0xEC,0xD5,0x98,0xCE,0x74,0xC4",2,TLC,4096,80,9,0x3D,2048,384,16,1,1,1024,650,697,0x03,0x03,1,98_3D_K9ACG.BIN,98_3D_K9ACG.BIN,0x13,0x03,0xFF,0xFF,0xFF,0xFF,0x00,0x88,0x00,6.2,6.2,72,0,0,0,1,5,0,1,0,0,1,1,0,0,0,0xFF,0xFF,0,0,0,1,0,0,0xFF,0x51,0x59,0,0,0,0x00,0x00,0x02,XX,0,0
Transcend,TAGSTAP-0S06*2,"0xEC,0xD5,0x98,0xCE,0x74,0xC4",2,TLC,4096,80,10,0x3D,2048,384,16,1,1,1024,650,697,0x03,0x03,1,98_3D_K9ACG.BIN,98_3D_K9ACG.BIN,0x13,0x03,0xFF,0xFF,0xFF,0xFF,0x00,0x88,0x00,6.2,6.2,72,0,0,0,1,5,0,1,0,0,1,1,0,0,0,0xFF,0xFF,0,0,0,1,0,0,0xFF,0x51,0x59,0,0,0,0x00,0x00,0x02,XX,0,0
Transcend,TFGSTAP-1Q03*2,"0xEC,0x3A,0xD9,0xCE,0x78,0xC4",4,TLC,65536,84,6,0x3E,2048,384,16,4,4,2048,1950,5576,0x03,0x03,1,98_3E_K9ACG.BIN,98_3E_K9ACG.BIN,0x13,0x03,0xFF,0xFF,0xFF,0xFF,0x00,0x88,0x22,6.2,6.2,72,0,0,0,1,5,0,1,0,0,1,1,0,0,0,0xFF,0xFF,0,0,0,1,0,0,0xFF,0x51,0x59,0,0,0,0x00,0x00,0x02,XX,0,0
Transcend,TFGSTAP-1Q04*2,"0xEC,0x3A,0xD9,0xCE,0x78,0xC4",4,TLC,65536,84,8,0x3E,2048,384,16,4,4,2048,1950,5576,0x03,0x03,1,98_3E_K9ACG.BIN,98_3E_K9ACG.BIN,0x13,0x03,0xFF,0xFF,0xFF,0xFF,0x00,0x88,0x22,6.2,6.2,72,0,0,0,1,5,0,1,0,0,1,1,0,0,0,0xFF,0xFF,0,0,0,1,0,0,0xFF,0x51,0x59,0,0,0,0x00,0x00,0x02,XX,0,0
Transcend,TFGSTAP-1Q06*2,"0xEC,0x3A,0xD9,0xCE,0x78,0xC4",4,TLC,65536,84,7,0x3E,2048,384,16,4,4,2048,1950,5576,0x03,0x03,1,98_3E_K9ACG.BIN,98_3E_K9ACG.BIN,0x13,0x03,0xFF,0xFF,0xFF,0xFF,0x00,0x88,0x22,6.2,6.2,72,0,0,0,1,5,0,1,0,0,1,1,0,0,0,0xFF,0xFF,0,0,0,1,0,0,0xFF,0x51,0x59,0,0,0,0x00,0x00,0x02,XX,0,0
Micron,MT29F16G08CBACA,"0x2C,0x48,0x04,0x4A,0xA5,0x00",1,MLC,2048,80,5,0x62,1024,512,8,1,1,1024,972,1024,0x03,0x03,1,98_84_L74SDP.BIN,98_84_L74SDP_09.BIN,0x13,0x03,0x00,0x00,0xAC,0x80,0x00,0x88,0x00,6.5,6.5,24,0,0,0,0,8,0,0,0,0,0,1,0,0,0,0xFF,0xFF,0,0,0,1,0,0,0xFF,0x51,0x59,0,0,0,0x00,0x00,0x02,XX,0,0
Samsung,K9HDG08U1A,"0xEC,0xDE,0xD5,0x7A,0x58,0x43",2,MLC,16384,83,8,0x02,1024,256,16,4,2,2048,2018,-1,0x03,0x03,1,98_35_K9GBG.BIN,98_35_K9GBG.BIN,0x13,0x03,0xFF,0xFF,0xFF,0xFF,0x33,0x11,0x00,6.5,6.5,44,0,0,0,1,8,0,0,0,0,0,1,0,0,0,0xFF,0xFF,0,0,0,1,0,1,"0x00,0x10,0x20,0x30,0x40,0x50,0x60,0x70,0x80,0x90,0xA0,0xB0,0xC0,0xD0,0xE0,0xF0",0,0,0,0,0,0x00,0x00,0x02,XX,0,0
Samsung,K9LCG08U0A,"0xEC,0xDE,0xD5,0x7A,0x58,0x43",1,MLC,8192,82,10,0x02,2048,256,16,2,2,2048,2018,-1,0x03,0x03,1,98_35_K9GBG.BIN,98_35_K9GBG.BIN,0x13,0x03,0xFF,0xFF,0xFF,0xFF,0x33,0x11,0x00,6.5,6.5,44,0,0,0,1,8,0,0,0,0,0,1,0,0,0,0xFF,0xFF,0,0,0,1,0,1,"0x00,0x10,0x20,0x30,0x40,0x50,0x60,0x70,0x80,0x90,0xA0,0xB0,0xC0,0xD0,0xE0,0xF0",0,0,0,0,0,0x00,0x00,0x02,XX,0,0
Micron,MT29F128G08CEAAA,"0x2C,0x88,0x04,0x4B,0xA9,0x00",2,MLC,16384,83,5,0x64,2048,512,16,1,1,2048,1920,-1,0x03,0x03,1,98_85_L74DDP_0F.BIN,98_85_L74DDP_0F.BIN,0x13,0x03,0x00,0x00,0xAC,0x80,0x00,0x11,0x00,6.5,6.5,24,0,0,0,0,8,0,0,0,0,0,1,0,0,0,0xFF,0xFF,0,0,0,1,0,0,0xFF,0x51,0x59,0,0,0,0x00,0x00,0x02,XX,0,0
Micron,MT29F64G08CBABA,"0x2C,0x64,0x44,0x4B,0xA9,0x00",1,MLC,8192,82,6,0x62,2048,512,16,1,1,2048,1920,-1,0x03,0x03,1,98_84_L74SDP.BIN,98_84_L74SDP.BIN,0x13,0x03,0x00,0x00,0xAC,0x80,0x00,0x88,0x00,6.5,6.5,44,0,0,0,0,8,0,0,0,0,0,1,0,0,0,0xFF,0xFF,0,0,0,1,0,0,0xFF,0x51,0x59,0,0,0,0x00,0x00,0x02,XX,0,0
Sandisk,05105-064G,"0x45,0x6D,0x95,0x82,0x7A,0x56",4,MLC,65536,85,2,0x64,2048,512,16,4,2,2048,2018,-1,0x03,0x03,1,10_2F_SDMAHSM.BIN,10_2F_SDMAHSM.BIN,0x13,0x03,0x00,0x00,0xAC,0x80,0x00,0x11,0x00,6.5,6.5,44,0,0,0,1,6,0,0,0,0,0,1,0,0,0,0xFF,0xFF,0,0,0,1,0,0,0xFF,0,0,0,0,0,0x00,0x00,0x02,XX,0,0
Sandisk,SDRZNPQDHER-064G,"0x45,0x6D,0x95,0x82,0x7A,0x56",4,MLC,65536,85,3,0x64,2048,512,16,4,2,2048,2018,-1,0x03,0x03,1,10_2F_SDMAHSM.BIN,10_2F_SDMAHSM.BIN,0x13,0x03,0x00,0x00,0xAC,0x80,0x00,0x11,0x00,6.5,6.5,44,0,0,0,1,6,0,0,0,0,0,1,0,0,0,0xFF,0xFF,0,0,0,1,0,0,0xFF,0,0,0,0,0,0x00,0x00,0x02,XX,0,0
Micron,NW290,"0x2C,0x88,0x04,0x4B,0xA9,0x00",2,MLC,16384,83,6,0x64,2048,512,16,1,1,2048,1920,-1,0x03,0x03,1,98_85_L74DDP_0F.BIN,98_85_L74DDP_0F.BIN,0x13,0x03,0x00,0x00,0xAC,0x80,0x00,0x11,0x00,6.5,6.5,24,0,0,0,0,8,0,0,0,0,0,1,0,0,0,0xFF,0xFF,0,0,0,1,0,0,0xFF,0x51,0x59,0,0,0,0x00,0x00,0x02,XX,0,0
Samsung,K9FAG08U0M,"0xEC,0xD5,0x10,0x6A,0x54,0x42",1,SLC,2048,80,17,0x08,2048,128,16,1,1,2048,2018,-1,0x03,0x03,1,98_42_K9FAG.BIN,98_42_K9FAG.BIN,0x13,0x03,0xFF,0xFF,0xFF,0xFF,0x11,0x11,0x00,5,5,44,0,1,0,1,6,0,0,0,0,0,1,0,0,0,0xFF,0xFF,0,0,0,1,0,0,0xFF,0,0,0,0,0,0x00,0x00,0x02,XX,0,0
Samsung,K9KBG08U1M-HIB0,"0xEC,0xD5,0x10,0x6A,0x54,0x00",2,SLC,4096,81,23,0x08,2048,128,16,2,1,2048,2018,-1,0x03,0x03,1,98_42_K9FAG.BIN,98_42_K9FAG.BIN,0x13,0x03,0xFF,0xFF,0xFF,0xFF,0x11,0x88,0x00,5,5,44,0,1,0,1,6,0,0,0,0,0,1,0,0,0,0xFF,0xFF,0,0,0,1,0,0,0xFF,0,0,0,0,0,0x00,0x00,0x02,XX,0,0
Transcend,FDGMM3P-1Q06,"0x2C,0x88,0x05,0xCA,0xA9,0x00",2,MLC,16384,83,17,0x64,2048,512,8,2,2,2048,1920,-1,0x03,0x03,1,98_85_L74DDP_0F.BIN,98_85_L74DDP_0F.BIN,0x13,0x03,0x00,0x00,0xAC,0x80,0x00,0x11,0x00,6.5,6.5,24,0,0,0,0,8,0,0,0,0,0,1,0,0,0,0xFF,0xFF,0,0,0,1,0,0,0xFF,0x51,0x59,0,0,0,0x00,0x00,0x02,XX,0,0
Samsung,K9HFGY8S5A*2,"0xEC,0xAE,0xA4,0x7A,0x68,0xC4",8,MLC,65536,84,4,0x3A,2048,512,16,4,1,2048,1900,-1,0x03,0x03,1,98_31_K9GCG_QPDD.BIN,98_31_K9GCG_QPDD.BIN,0x13,0x03,0xFF,0xFF,0xFF,0xFF,0x11,0x88 ,0x22,6.5,6.5,44,0,0,0,1,8,0,1,0,0,0,1,0,0,0,0xFF,0xFF,0,0,0,1,0,0,0xFF,0,0,0,0,0,0x00,0x00,0x02,XX,0,0
Samsung,K9GBG08U0B,"0xEC,0xD7,0x94,0x7E,0x64,0x44",1,MLC,4096,81,20,0x02,2048,256,16,1,1,2048,2018,-1,0x03,0x03,1,98_30_K9GBG.BIN,98_30_K9GBG.BIN,0x13,0x03,0xFF,0xFF,0xFF,0xFF,0x11,0x88,0X00,6.5,6.5,72,0,0,0,1,8,0,0,0,0,0,1,0,0,0,0xFF,0xFF,0,0,0,1,0,0,0xFF,0x51,0x59,0,0,0,0x00,0x00,0x02,XX,0,0
Samsung,K9GBG08U0B*2,"0xEC,0xD7,0x94,0x7E,0x64,0x44",2,MLC,8192,81,20,0x02,2048,256,16,2,1,2048,2018,-1,0x03,0x03,1,98_30_K9GBG.BIN,98_30_K9GBG.BIN,0x13,0x03,0xFF,0xFF,0xFF,0xFF,0x11,0x88,0x00,6.5,6.5,72,0,0,0,1,8,0,0,0,0,0,1,0,0,0,0xFF,0xFF,0,0,0,1,0,0,0xFF,0x51,0x59,0,0,0,0x00,0x00,0x02,XX,0,0
Sandisk,SDTNQGAMA-008G,"0x45,0xDE,0x94,0x93,0x76,0xD7",1,MLC,8192,82,4,0x62,2048,512,32,1,1,2048,2018,1058,0x03,0x03,1,98_2B_SDMLC256_TP_DSD.BIN,98_2B_SDMLC256_TP_MP.BIN,0x13,0x03,0x00,0x00,0xAC,0x80,0x00,0x88,0x00,7.5,7.5,44,0,0,0,1,8,0,1,0,0,0,1,0,0,0,0xFF,0xFF,0,0,0,1,0,0,0xFF,0x51,0x59,0,0,0,0x00,0x00,0x02,XX,0,0
Sandisk,SDTNQGAMA-008G*2,"0x45,0xDE,0x94,0x93,0x76,0xD7",2,MLC,16384,82,4,0x64,2048,512,32,1,1,2048,2018,-1,0x03,0x03,1,98_2D_SDMLC256P_TPDD.BIN,98_2D_SDMLC256P_TPDD.BIN,0x13,0x03,0x00,0x00,0xAC,0x80,0x00,0x88,0x00,6.5,6.5,44,0,0,0,1,4,0,1,0,0,0,1,0,0,0,0xFF,0xFF,0,0,0,1,0,0,0xFF,0x51,0x59,0,0,0,0x00,0x00,0x02,XX,0,0
Sandisk,SDYNQGCRM-032GUL,"0x45,0xDE,0x94,0x93,0x76,0xD7",4,MLC,32768,84,7,0x64,2048,512,32,2,1,2048,2018,-1,0x03,0x03,1,98_2D_SDMLC256P_TPDD.BIN,98_2D_SDMLC256P_TPDD.BIN,0x13,0x03,0x00,0x00,0xAC,0x80,0x00,0x88,0x00,6.5,6.5,44,0,0,0,1,4,0,1,0,0,0,1,0,0,0,0xFF,0xFF,0,0,0,1,0,0,0xFF,0x51,0x59,0,0,0,0x00,0x00,0x02,XX,0,0
Samsung,K9CFGD8U1A*2,"0xEC,0x3A,0xD9,0xCE,0x78,0xC4",4,TLC,65536,84,5,0x3E,2048,384,16,4,4,2048,1950,5576,0x03,0x03,1,98_3E_K9ACG.BIN,98_3E_K9ACG.BIN,0x13,0x03,0xFF,0xFF,0xFF,0xFF,0x00,0x88,0x22,6.2,6.2,72,0,0,0,1,5,0,1,0,0,1,1,0,0,0,0xFF,0xFF,0,0,0,1,0,0,0xFF,0x51,0x59,0,0,0,0x00,0x00,0x02,XX,0,0
Sandisk,SDYNQGCRM-032GUL*2,"0x45,0xDE,0x94,0x93,0x76,0xD7",8,MLC,65536,84,7,0x64,2048,512,32,4,1,2048,2018,-1,0x03,0x03,1,98_2D_SDMLC256P_TPDD.BIN,98_2D_SDMLC256P_TPDD.BIN,0x13,0x03,0x00,0x00,0xAC,0x80,0x00,0x88,0x22,6.5,6.5,44,0,0,0,1,6,0,1,0,0,0,1,0,0,0,0xFF,0xFF,0,0,0,1,0,0,0xFF,0x51,0x59,0,0,0,0x00,0x00,0x02,XX,0,0
Sandisk,SDTNQGBMB-016GP,"0x45,0xDE,0x94,0x93,0x76,0xD7",2,MLC,16384,83,3,0x62,2048,512,32,2,1,2048,2018,-1,0x03,0x03,1,98_2B_SDMLC256_TP_1RB.BIN,98_2B_SDMLC256_TP_1RB.BIN,0x13,0x03,0x00,0x00,0xAC,0x80,0x00,0x88,0x00,7.6,7.6,44,0,0,0,1,4,0,1,0,0,0,1,0,0,0,0xFF,0xFF,0,0,0,1,0,0,0xFF,0x51,0x59,0,0,0,0x00,0x00,0x02,XX,0,0
Sandisk,SDTNQGBMB-016GP*2,"0x45,0xDE,0x94,0x93,0x76,0xD7",4,MLC,32768,83,3,0x62,2048,512,32,4,1,2048,2018,-1,0x03,0x03,1,98_2B_SDMLC256_TP_1RB.BIN,98_2B_SDMLC256_TP_1RB.BIN,0x13,0x03,0x00,0x00,0xAC,0x80,0x00,0x88,0x22,7.6,7.6,44,0,0,0,1,4,0,1,0,0,0,1,0,0,0,0xFF,0xFF,0,0,0,1,0,0,0xFF,0x51,0x59,0,0,0,0x00,0x00,0x02,XX,0,0
Transcend,FCGMMCP-0S033,"0x2C,0x64,0x44,0x4B,0xA9,0x00",1,MLC,8192,82,34,0x62,2048,512,16,1,1,2048,1920,-1,0x03,0x03,1,98_84_L74SDP.BIN,98_84_L74SDP.BIN,0x13,0x03,0x00,0x00,0xAC,0x80,0x00,0x88,0x00,6.5,6.5,44,0,0,0,0,8,0,0,0,0,0,1,0,0,0,0xFF,0xFF,0,0,0,1,0,0,0xFF,0x51,0x59,0,0,0,0x00,0x00,0x02,XX,0,0
Samsung,K9ACGD8U0B,"0xEC,0xDE,0x98,0xDE,0x94,0xC5",1,TLC,8192,82,17,0x3C,2048,512,16,1,1,2048,1900,-1,0x03,0x03,1,98_3F_K9ACG.BIN,98_3F_K9ACG_LLF.BIN,0x13,0x03,0xFF,0xFF,0xFF,0xFF,0x00,0x88,0x00,10,10,72,0,0,0,1,5,0,1,0,0,0,1,0,0,0,0xFF,0xFF,0,128,30,1,0,0,0xFF,0x51,0x59,0,4,2,0x00,0x00,0x02,XX,0,0
Transcend,TCGSTBP-0S03,"0xEC,0xDE,0x98,0xDE,0x94,0xC5",1,TLC,8192,82,35,0x3C,2048,512,16,1,1,2048,1900,-1,0x03,0x03,1,98_3F_K9ACG.BIN,98_3F_K9ACG_LLF.BIN,0x13,0x03,0xFF,0xFF,0xFF,0xFF,0x00,0x88,0x00,9,9,72,0,0,0,1,5,0,1,0,0,0,1,0,0,0,0xFF,0xFF,0,128,30,1,0,0,0xFF,0x51,0x59,0,4,2,0x00,0x00,0x02,XX,0,0
Transcend,TCGSTBP-0S04,"0xEC,0xDE,0x98,0xDE,0x94,0xC5",1,TLC,8192,82,36,0x3C,2048,512,16,1,1,2048,1900,-1,0x03,0x03,1,98_3F_K9ACG.BIN,98_3F_K9ACG_LLF.BIN,0x13,0x03,0xFF,0xFF,0xFF,0xFF,0x00,0x88,0x00,9,9,72,0,0,0,1,5,0,1,0,0,0,1,0,0,0,0xFF,0xFF,0,128,30,1,0,0,0xFF,0x51,0x59,0,4,2,0x00,0x00,0x02,XX,0,0
Transcend,TCGSTBP-0S06,"0xEC,0xDE,0x98,0xDE,0x94,0xC5",1,TLC,8192,82,37,0x3C,2048,512,16,1,1,2048,1900,-1,0x03,0x03,1,98_3F_K9ACG.BIN,98_3F_K9ACG_LLF.BIN,0x13,0x03,0xFF,0xFF,0xFF,0xFF,0x00,0x88,0x00,9,9,72,0,0,0,1,5,0,1,0,0,0,1,0,0,0,0xFF,0xFF,0,128,30,1,0,0,0xFF,0x51,0x59,0,4,2,0x00,0x00,0x02,XX,0,0
Transcend,TCGSTBP-0S03*2,"0xEC,0xDE,0x98,0xDE,0x94,0xC5",2,TLC,16384,82,35,0x3C,2048,512,16,2,1,2048,1900,-1,0x03,0x03,1,98_3F_K9ACG.BIN,98_3F_K9ACG_LLF.BIN,0x13,0x03,0xFF,0xFF,0xFF,0xFF,0x00,0x88,0x00,9,9,72,0,0,0,1,5,0,1,0,0,0,1,0,0,0,0xFF,0xFF,0,128,30,1,0,0,0xFF,0x51,0x59,0,4,2,0x00,0x00,0x02,XX,0,0
Transcend,TCGSTBP-0S04*2,"0xEC,0xDE,0x98,0xDE,0x94,0xC5",2,TLC,16384,82,36,0x3C,2048,512,16,2,1,2048,1900,-1,0x03,0x03,1,98_3F_K9ACG.BIN,98_3F_K9ACG_LLF.BIN,0x13,0x03,0xFF,0xFF,0xFF,0xFF,0x00,0x88,0x00,9,9,72,0,0,0,1,5,0,1,0,0,0,1,0,0,0,0xFF,0xFF,0,128,30,1,0,0,0xFF,0x51,0x59,0,4,2,0x00,0x00,0x02,XX,0,0
Transcend,TCGSTBP-0S06*2,"0xEC,0xDE,0x98,0xDE,0x94,0xC5",2,TLC,16384,82,37,0x3C,2048,512,16,2,1,2048,1900,-1,0x03,0x03,1,98_3F_K9ACG.BIN,98_3F_K9ACG_LLF.BIN,0x13,0x03,0xFF,0xFF,0xFF,0xFF,0x00,0x88,0x00,9,9,72,0,0,0,1,5,0,1,0,0,0,1,0,0,0,0xFF,0xFF,0,128,30,1,0,0,0xFF,0x51,0x59,0,4,2,0x00,0x00,0x02,XX,0,0
Samsung,K9ADGD8U0M,"0xEC,0x1A,0xA8,0xDE,0x88,0xC5",1,TLC,16384,83,15,0x3C,2048,512,16,4,4,2048,1900,-1,0x03,0x03,1,98_ADG.BIN,98_ADG.BIN,0x13,0x03,0xFF,0xFF,0xFF,0xFF,0x00,0x88,0x00,9,9,72,0,0,0,1,5,0,1,0,0,0,1,0,0,0,0xFF,"0x02,0x03,0x04,0x05,0x06,0x07,0x09,0x0B,0x0C,0x0D,0x0E,0x0F,0x10,0x11,0x12,0x13,0x14,0x15,0x16,0x17,0x18",0,0,0,1,0,0,0xFF,0x51,0x59,0,4,2,0x00,0x00,0x02,XX,0,0
Transcend,TDGSTMP-0S04,"0xEC,0x1A,0xA8,0xDE,0x88,0xC5",1,TLC,16384,83,18,0x3C,2048,512,16,4,4,2048,1900,-1,0x03,0x03,1,98_ADG.BIN,98_ADG.BIN,0x13,0x03,0xFF,0xFF,0xFF,0xFF,0x00,0x88,0x00,9,9,72,0,0,0,1,5,0,1,0,0,0,1,0,0,0,0xFF,"0x02,0x03,0x04,0x05,0x06,0x07,0x09,0x0B,0x0C,0x0D,0x0E,0x0F,0x10,0x11,0x12,0x13,0x14,0x15,0x16,0x17,0x18",0,0,0,1,0,0,0xFF,0x51,0x59,0,4,2,0x00,0x00,0x02,XX,0,0
Transcend,TDGSTMP-0S06,"0xEC,0x1A,0xA8,0xDE,0x88,0xC5",1,TLC,16384,83,19,0x3C,2048,512,16,4,4,2048,1900,-1,0x03,0x03,1,98_ADG.BIN,98_ADG.BIN,0x13,0x03,0xFF,0xFF,0xFF,0xFF,0x00,0x88,0x00,9,9,72,0,0,0,1,5,0,1,0,0,0,1,0,0,0,0xFF,"0x02,0x03,0x04,0x05,0x06,0x07,0x09,0x0B,0x0C,0x0D,0x0E,0x0F,0x10,0x11,0x12,0x13,0x14,0x15,0x16,0x17,0x18",0,0,0,1,0,0,0xFF,0x51,0x59,0,4,2,0x00,0x00,0x02,XX,0,0
Transcend,TDGSTMP-0S03,"0xEC,0x1A,0xA8,0xDE,0x88,0xC5",1,TLC,16384,83,20,0x3C,2048,512,16,4,4,2048,1900,-1,0x03,0x03,1,98_ADG.BIN,98_ADG.BIN,0x13,0x03,0xFF,0xFF,0xFF,0xFF,0x00,0x88,0x00,9,9,72,0,0,0,1,5,0,1,0,0,0,1,0,0,0,0xFF,"0x02,0x03,0x04,0x05,0x06,0x07,0x09,0x0B,0x0C,0x0D,0x0E,0x0F,0x10,0x11,0x12,0x13,0x14,0x15,0x16,0x17,0x18",0,0,0,1,0,0,0xFF,0x51,0x59,0,4,2,0x00,0x00,0x02,XX,0,0
Samsung,K9ADGD8U0M*2,"0xEC,0x1A,0xA8,0xDE,0x88,0xC5",2,TLC,32768,83,15,0x3C,2048,512,16,8,4,2048,1900,-1,0x03,0x03,1,98_ADG.BIN,98_ADG.BIN,0x13,0x03,0xFF,0xFF,0xFF,0xFF,0x00,0x88,0x00,9,9,72,0,0,0,1,5,0,1,0,0,0,1,0,0,0,0xFF,"0x02,0x03,0x04,0x05,0x06,0x07,0x09,0x0B,0x0C,0x0D,0x0E,0x0F,0x10,0x11,0x12,0x13,0x14,0x15,0x16,0x17,0x18",0,0,0,1,0,0,0xFF,0x51,0x59,0,4,2,0x00,0x00,0x02,XX,0,0
Transcend,TDGSTMP-0S04*2,"0xEC,0x1A,0xA8,0xDE,0x88,0xC5",2,TLC,32768,83,18,0x3C,2048,512,16,8,4,2048,1900,-1,0x03,0x03,1,98_ADG.BIN,98_ADG.BIN,0x13,0x03,0xFF,0xFF,0xFF,0xFF,0x00,0x88,0x00,9,9,72,0,0,0,1,5,0,1,0,0,0,1,0,0,0,0xFF,"0x02,0x03,0x04,0x05,0x06,0x07,0x09,0x0B,0x0C,0x0D,0x0E,0x0F,0x10,0x11,0x12,0x13,0x14,0x15,0x16,0x17,0x18",0,0,0,1,0,0,0xFF,0x51,0x59,0,4,2,0x00,0x00,0x02,XX,0,0
Transcend,TDGSTMP-0S06*2,"0xEC,0x1A,0xA8,0xDE,0x88,0xC5",2,TLC,32768,83,19,0x3C,2048,512,16,8,4,2048,1900,-1,0x03,0x03,1,98_ADG.BIN,98_ADG.BIN,0x13,0x03,0xFF,0xFF,0xFF,0xFF,0x00,0x88,0x00,9,9,72,0,0,0,1,5,0,1,0,0,0,1,0,0,0,0xFF,"0x02,0x03,0x04,0x05,0x06,0x07,0x09,0x0B,0x0C,0x0D,0x0E,0x0F,0x10,0x11,0x12,0x13,0x14,0x15,0x16,0x17,0x18",0,0,0,1,0,0,0xFF,0x51,0x59,0,4,2,0x00,0x00,0x02,XX,0,0
Transcend,TDGSTMP-0S03*2,"0xEC,0x1A,0xA8,0xDE,0x88,0xC5",2,TLC,32768,83,20,0x3C,2048,512,16,8,4,2048,1900,-1,0x03,0x03,1,98_ADG.BIN,98_ADG.BIN,0x13,0x03,0xFF,0xFF,0xFF,0xFF,0x00,0x88,0x00,9,9,72,0,0,0,1,5,0,1,0,0,0,1,0,0,0,0xFF,"0x02,0x03,0x04,0x05,0x06,0x07,0x09,0x0B,0x0C,0x0D,0x0E,0x0F,0x10,0x11,0x12,0x13,0x14,0x15,0x16,0x17,0x18",0,0,0,1,0,0,0xFF,0x51,0x59,0,4,2,0x00,0x00,0x02,XX,0,0
Sandisk,SDTNQCAMA-016G,"0x45,0x4C,0xA8,0x92,0x76,0x57",1,TLC,16384,83,2,0x9C,1024,1032,16,1,1,2086,1980,-1,1,1,1,98_9C_7T2J.BIN,98_9C_7T2J_MP.BIN,0x13,0x03,0xFF,0xFF,0xFF,0xFF,0x33,0x88,0x00,9,9,68,0,0,0,1,5,0,0,0,0,1,0,1,0,0,98_EX3TABLE_V2.BIN,0xFF,0,128,30,1,0,0,0xFF,0x51,0x59,0,0,0,0x51,0x70,0x02,XX,0,0
Transcend,TDGDT1P-0S03,"0x45,0x4C,0xA8,0x92,0x76,0x57",1,TLC,16384,83,7,0x9C,1024,1032,16,1,1,2086,1980,-1,1,1,1,98_9C_7T2J.BIN,98_9C_7T2J_MP.BIN,0x13,0x03,0xFF,0xFF,0xFF,0xFF,0x33,0x88,0x00,9,9,68,0,0,0,1,5,0,0,0,0,1,0,1,0,0,98_EX3TABLE_V2.BIN,0xFF,0,128,30,1,0,0,0xFF,0x51,0x59,0,0,0,0x51,0x70,0x02,XX,0,0
Transcend,TFGSTMP-1D03,"0xEC,0x1A,0xA8,0xDE,0x88,0xC5",2,TLC,32768,84,9,0x3C,2048,512,16,8,4,2048,1900,-1,0x03,0x03,1,98_ADG.BIN,98_ADG.BIN,0x13,0x03,0xFF,0xFF,0xFF,0xFF,0x00,0x88,0x00,9,9,72,0,0,0,1,5,0,1,0,0,0,1,0,0,0,0xFF,"0x02,0x03,0x04,0x05,0x06,0x07,0x09,0x0B,0x0C,0x0D,0x0E,0x0F,0x10,0x11,0x12,0x13,0x14,0x15,0x16,0x17,0x18",0,0,0,1,0,0,0xFF,0x51,0x59,0,4,2,0x00,0x00,0x02,XX,0,0
Transcend,TFGSTMP-1D04,"0xEC,0x1A,0xA8,0xDE,0x88,0xC5",2,TLC,32768,84,10,0x3C,2048,512,16,8,4,2048,1900,-1,0x03,0x03,1,98_ADG.BIN,98_ADG.BIN,0x13,0x03,0xFF,0xFF,0xFF,0xFF,0x00,0x88,0x00,9,9,72,0,0,0,1,5,0,1,0,0,0,1,0,0,0,0xFF,"0x02,0x03,0x04,0x05,0x06,0x07,0x09,0x0B,0x0C,0x0D,0x0E,0x0F,0x10,0x11,0x12,0x13,0x14,0x15,0x16,0x17,0x18",0,0,0,1,0,0,0xFF,0x51,0x59,0,4,2,0x00,0x00,0x02,XX,0,0
Transcend,TFGSTMP-1D06,"0xEC,0x1A,0xA8,0xDE,0x88,0xC5",2,TLC,32768,84,11,0x3C,2048,512,16,8,4,2048,1900,-1,0x03,0x03,1,98_ADG.BIN,98_ADG.BIN,0x13,0x03,0xFF,0xFF,0xFF,0xFF,0x00,0x88,0x00,9,9,72,0,0,0,1,5,0,1,0,0,0,1,0,0,0,0xFF,"0x02,0x03,0x04,0x05,0x06,0x07,0x09,0x0B,0x0C,0x0D,0x0E,0x0F,0x10,0x11,0x12,0x13,0x14,0x15,0x16,0x17,0x18",0,0,0,1,0,0,0xFF,0x51,0x59,0,4,2,0x00,0x00,0x02,XX,0,0
Sandisk,SDTNQCAMA-008G,"0x45,0xDE,0x98,0x92,0x72,0x57",1,TLC,8192,82,3,0x8C,2048,516,16,1,1,2084,2018,-1,0x03,0x03,1,98_8C_EX3.BIN,98_8C_EX3_MP.BIN,0x13,0x03,0xFF,0xFF,0xFF,0xFF,0x00,0x88,0x00,6.5,6.5,68,0,0,0,1,5,0,0,0,0,1,0,1,0,0,98_EX3TABLE_V2.BIN,0xFF,0,128,30,1,0,0,0xFF,0x51,0x59,0,0,0,0x00,0x00,0x02,XX,0,0
Micron,MT29F32G08CBADA,"0x2C,0x44,0x44,0x4B,0xA9,0x00",1,MLC,4096,81,9,0x62,2048,512,16,1,1,2048,1920,1064,1,1,1,98_84_L74SDP_15.BIN,98_84_L74SDP_15.BIN,0x13,0x03,0x00,0x00,0xAC,0x80,0x00,0x88,0x00,6.5,6.5,44,0,0,0,0,8,0,0,0,0,0,1,0,0,0,0xFF,0xFF,0,0,0,1,0,0,0xFF,0x51,0x59,0,0,0,0x00,0x00,0x02,XX,0,0
Sandisk,SDTNRGAMA-008G,"0x45,0xDE,0x94,0x93,0x76,0x50",1,MLC,8192,82,6,0x62,2048,512,32,1,1,2048,2018,1058,0x03,0x03,1,98_28_SDMLC256_TP_1ynm.BIN,98_28_SDMLC256_TP_1ynm.BIN,0x13,0x03,0x00,0x00,0xAC,0x80,0x00,0x88,0x00,6.5,6.5,44,0,0,0,1,8,0,0,0,0,0,1,0,0,0,0xFF,"0x02,0x03,0x06,0x07,0x0A,0x0B,0x0E,0x0F,0x12,0x13,0x16,0x17,0x1A,0x1B,0x1E,0x1F,0x22,0x23,0x26,0x27",0,0,0,1,0,0,0xFF,0x51,0x59,0,0,0,0x00,0x00,0x02,XX,0,0
Transcend,THGSTMP-1Q06,"0xEC,0x3C,0xE9,0xDE,0x88,0xC5",2,TLC,65536,85,2,0x41,2048,1024,16,4,2,2048,1900,-1,0x03,0x03,1,98_41_K9ADG.BIN,98_41_K9ADG.BIN,0x13,0x03,0xFF,0xFF,0xFF,0xFF,0x22,0x88,0x44,9,9,72,0,0,0,1,5,0,1,0,0,0,1,0,0,0,0xFF,0xFF,0,0,0,1,0,0,0xFF,0x51,0x59,0,4,2,0x51,0x70,0x02,XX,0,0
Transcend,THGSTMP-1Q06*2,"0xEC,0x3C,0xE9,0xDE,0x88,0xC5",4,TLC,131072,85,2,0x41,2048,1024,16,8,2,2048,1900,-1,0x03,0x03,1,98_41_K9ADG.BIN,98_41_K9ADG.BIN,0x13,0x03,0xFF,0xFF,0xFF,0xFF,0x22,0x88,0x44,9,9,72,0,0,0,1,5,0,1,0,0,0,1,0,0,0,0xFF,0xFF,0,0,0,1,0,0,0xFF,0x51,0x59,0,4,2,0x51,0x70,0x02,XX,0,0
Hynix,H27UCG8T2BTR,"0xAD,0xDE,0x94,0xEB,0x74,0x44",1,MLC,8192,82,7,0x62,8192,512,32,1,1,2048,980,1066,1,1,0,98_96_HY256MLC_16K.BIN,98_96_HY256MLC_16K.BIN,0x13,0x03,0xFF,0xFF,0xFF,0xFF,0x00,0x88,0x00,6.5,6.5,44,0,0,0,1,6,0,0,0,0,0,1,0,0,0,0xFF,"0x02,0x03,0x04,0x05,0x06,0x07,0x0C,0x0D,0x0E,0x0F,0x14,0x15,0x16,0x17,0x1C,0x1D",0,0,0,1,0,0,0xFF,0x51,0x59,0,0,0,0x51,0x70,0x02,XX,0,0
Transcend,TDGMMDI-0S04,"0x2C,0x84,0x64,0x3C,0xA5,0x00",1,MLC,16384,83,21,0x87,1024,1024,32,1,1,1024,976,-1,1,1,1,98_94_L85_SDP.BIN,98_94_L85_SDP.BIN,0x13,0x03,0xFF,0xFF,0xFF,0xFF,0x00,0x88,0x00,6.5,6.5,40,0,0,0,0,8,0,0,0,0,0,1,0,0,1,0xFF,0xFF,0,0,0,1,0,0,0xFF,0x51,0x59,0,0,0,0x51,0x70,0x02,XX,0,0
Micron,MT29F64G08CBAAA,"0x2C,0x88,0x04,0x4B,0x00,0x00",1,MLC,8192,82,4,0x62,2048,512,16,1,1,2048,1920,-1,1,1,1,98_84_L74SDP_16.BIN,98_84_L74SDP_16.BIN,0x13,0x03,0x00,0x00,0xAC,0x80,0x00,0x88,0x00,6.5,6.5,24,0,0,0,0,6,0,0,0,0,0,1,0,0,0,0xFF,0xFF,0,0,0,1,0,0,0xFF,0x51,0x59,0,0,0,0x51,0x70,0x02,XX,0,0
Transcend,TFGSTMP-1D03*2,"0xEC,0x1A,0xA8,0xDE,0x88,0xC5",4,TLC,65536,84,9,0x41,2048,1024,16,4,1,2048,1900,-1,0x03,0x03,1,98_41_K9ADG.BIN,98_41_K9ADG.BIN,0x13,0x03,0xFF,0xFF,0xFF,0xFF,0x22,0x88,0x44,9,9,72,0,0,0,1,5,0,1,0,0,0,1,0,0,0,0xFF,0xFF,0,0,0,1,0,0,0xFF,0x51,0x59,0,4,2,0x51,0x70,0x02,XX,0,0
Transcend,TFGSTMP-1D04*2,"0xEC,0x1A,0xA8,0xDE,0x88,0xC5",4,TLC,65536,84,10,0x41,2048,1024,16,4,1,2048,1900,-1,0x03,0x03,1,98_41_K9ADG.BIN,98_41_K9ADG.BIN,0x13,0x03,0xFF,0xFF,0xFF,0xFF,0x22,0x88,0x44,9,9,72,0,0,0,1,5,0,1,0,0,0,1,0,0,0,0xFF,0xFF,0,0,0,1,0,0,0xFF,0x51,0x59,0,4,2,0x51,0x70,0x02,XX,0,0
Transcend,TFGSTMP-1D06*2,"0xEC,0x1A,0xA8,0xDE,0x88,0xC5",4,TLC,65536,84,11,0x41,2048,1024,16,4,1,2048,1900,-1,0x03,0x03,1,98_41_K9ADG.BIN,98_41_K9ADG.BIN,0x13,0x03,0xFF,0xFF,0xFF,0xFF,0x22,0x88,0x44,9,9,72,0,0,0,1,5,0,1,0,0,0,1,0,0,0,0xFF,0xFF,0,0,0,1,0,0,0xFF,0x51,0x59,0,4,2,0x51,0x70,0x02,XX,0,0
Transcend,TDGMMEP-0S04,"0x2C,0x84,0x64,0x3C,0xA5,0x00",1,MLC,16384,83,22,0x87,1024,1024,32,1,1,1024,976,-1,1,1,1,98_94_L85_SDP.BIN,98_94_L85_SDP.BIN,0x13,0x03,0xFF,0xFF,0xFF,0xFF,0x00,0x88,0x00,6.5,6.5,40,0,0,0,0,8,0,0,0,0,0,1,0,0,1,0xFF,0xFF,0,0,0,1,0,0,0xFF,0x51,0x59,0,0,0,0x51,0x70,0x02,XX,0,0
Samsung,K9KBG08U1M-HCB,"0xEC,0xD5,0x10,0x6A,0x54,0x00",2,SLC,4096,81,21,0x08,2048,128,16,2,1,2048,2018,-1,0x03,0x03,1,98_42_K9FAG.BIN,98_42_K9FAG.BIN,0x13,0x03,0xFF,0xFF,0xFF,0xFF,0x11,0x88,0x00,5,5,44,0,1,0,1,6,0,0,0,0,0,1,0,0,0,0xFF,0xFF,0,0,0,1,0,0,0xFF,0,0,0,0,0,0x00,0x00,0x02,XX,0,0
Transcend,TFGMMDI-1D04,"0x2C,0x84,0x64,0x3C,0xA5,0x00",2,MLC,32768,84,12,0x88,2048,1024,32,1,1,2048,1920,-1,1,1,1,98_95_L85_DDP.BIN,98_95_L85_DDP.BIN,0x13,0x03,0xFF,0xFF,0xFF,0xFF,0x00,0x88,0x00,6.5,6.5,40,0,0,0,0,8,0,0,0,0,0,1,0,0,1,0xFF,0xFF,0,0,0,1,0,0,0xFF,0x51,0x59,0,0,0,0x51,0x70,0x02,XX,0,0
Transcend,TFGMMEP-1D04,"0x2C,0x84,0x64,0x3C,0xA5,0x00",2,MLC,32768,84,13,0x88,2048,1024,32,1,1,2048,1920,-1,1,1,1,98_95_L85_DDP.BIN,98_95_L85_DDP.BIN,0x13,0x03,0xFF,0xFF,0xFF,0xFF,0x00,0x88,0x00,6.5,6.5,40,0,0,0,0,8,0,0,0,0,0,1,0,0,1,0xFF,0xFF,0,0,0,1,0,0,0xFF,0x51,0x59,0,0,0,0x51,0x70,0x02,XX,0,0
Transcend,TFGMMDI-1D04*2,"0x2C,0x84,0x64,0x3C,0xA5,0x00",4,MLC,65536,84,12,0x88,2048,1024,32,2,1,2048,1920,-1,1,1,1,98_95_L85_DDP.BIN,98_95_L85_DDP.BIN,0x13,0x03,0xFF,0xFF,0xFF,0xFF,0x00,0x88,0x00,6.5,6.5,40,0,0,0,0,8,0,0,0,0,0,1,0,0,1,0xFF,0xFF,0,0,0,1,0,0,0xFF,0x51,0x59,0,0,0,0x51,0x70,0x02,XX,0,0
Transcend,TFGMMEP-1D04*2,"0x2C,0x84,0x64,0x3C,0xA5,0x00",4,MLC,65536,84,13,0x88,2048,1024,32,2,1,2048,1920,-1,1,1,1,98_95_L85_DDP.BIN,98_95_L85_DDP.BIN,0x13,0x03,0xFF,0xFF,0xFF,0xFF,0x00,0x88,0x00,6.5,6.5,40,0,0,0,0,8,0,0,0,0,0,1,0,0,1,0xFF,0xFF,0,0,0,1,0,0,0xFF,0x51,0x59,0,0,0,0x51,0x70,0x02,XX,0,0
Transcend,TBGSTDP-0S03,"0xEC,0xD7,0x98,0xDE,0x94,0xC5",1,TLC,4096,81,51,0x3C,2048,512,16,1,1,2048,1900,1071,0x03,0x03,1,98_3F_K9ACG.BIN,98_3F_K9ACG.BIN,0x13,0x03,0xFF,0xFF,0xFF,0xFF,0x00,0x88,0x00,9,9,72,0,0,0,1,5,0,1,0,0,0,1,0,0,0,0xFF,0xFF,0,0,0,1,0,0,0xFF,0x51,0x59,0,4,2,0x51,0x70,0x02,XX,0,0
Transcend,TBGSTDP-0S04,"0xEC,0xD7,0x98,0xDE,0x94,0xC5",1,TLC,4096,81,52,0x3C,2048,512,16,1,1,2048,1900,1071,0x03,0x03,1,98_3F_K9ACG.BIN,98_3F_K9ACG.BIN,0x13,0x03,0xFF,0xFF,0xFF,0xFF,0x00,0x88,0x00,9,9,72,0,0,0,1,5,0,1,0,0,0,1,0,0,0,0xFF,0xFF,0,0,0,1,0,0,0xFF,0x51,0x59,0,4,2,0x51,0x70,0x02,XX,0,0
Transcend,TBGSTDP-0S06,"0xEC,0xD7,0x98,0xDE,0x94,0xC5",1,TLC,4096,81,53,0x3C,2048,512,16,1,1,2048,1900,1071,0x03,0x03,1,98_3F_K9ACG.BIN,98_3F_K9ACG.BIN,0x13,0x03,0xFF,0xFF,0xFF,0xFF,0x00,0x88,0x00,9,9,72,0,0,0,1,5,0,1,0,0,0,1,0,0,0,0xFF,0xFF,0,0,0,1,0,0,0xFF,0x51,0x59,0,4,2,0x51,0x70,0x02,XX,0,0
Transcend,TBGSTDP-0S03*2,"0xEC,0xD7,0x98,0xDE,0x94,0xC5",2,TLC,8192,81,51,0x3C,2048,512,16,2,1,2048,1900,1071,0x03,0x03,1,98_3F_K9ACG.BIN,98_3F_K9ACG.BIN,0x13,0x03,0xFF,0xFF,0xFF,0xFF,0x00,0x88,0x00,9,9,72,0,0,0,1,5,0,1,0,0,0,1,0,0,0,0xFF,0xFF,0,0,0,1,0,0,0xFF,0x51,0x59,0,4,2,0x51,0x70,0x02,XX,0,0
Transcend,TBGSTDP-0S04*2,"0xEC,0xD7,0x98,0xDE,0x94,0xC5",2,TLC,8192,81,52,0x3C,2048,512,16,2,1,2048,1900,1071,0x03,0x03,1,98_3F_K9ACG.BIN,98_3F_K9ACG.BIN,0x13,0x03,0xFF,0xFF,0xFF,0xFF,0x00,0x88,0x00,9,9,72,0,0,0,1,5,0,1,0,0,0,1,0,0,0,0xFF,0xFF,0,0,0,1,0,0,0xFF,0x51,0x59,0,4,2,0x51,0x70,0x02,XX,0,0
Transcend,TBGSTDP-0S06*2,"0xEC,0xD7,0x98,0xDE,0x94,0xC5",2,TLC,8192,81,53,0x3C,2048,512,16,2,1,2048,1900,1071,0x03,0x03,1,98_3F_K9ACG.BIN,98_3F_K9ACG.BIN,0x13,0x03,0xFF,0xFF,0xFF,0xFF,0x00,0x88,0x00,9,9,72,0,0,0,1,5,0,1,0,0,0,1,0,0,0,0xFF,0xFF,0,0,0,1,0,0,0xFF,0x51,0x59,0,4,2,0x51,0x70,0x02,XX,0,0
Micron,MT29F64G08CBABA*2,"0x2C,0x64,0x44,0x4B,0xA9,0x00",2,MLC,16384,82,6,0x62,2048,512,16,2,1,2048,1920,-1,0x03,0x03,1,98_84_L74SDP.BIN,98_84_L74SDP.BIN,0x13,0x03,0x00,0x00,0xAC,0x80,0x00,0x88,0x00,6.5,6.5,44,0,0,0,0,8,0,0,0,0,0,1,0,0,0,0xFF,0xFF,0,0,0,1,0,0,0xFF,0x51,0x59,0,0,0,0x00,0x00,0x02,XX,0,0
Transcend,TDGSTBP-1D03,"0xEC,0xDE,0x98,0xDE,0x94,0xC5",2,TLC,16384,83,23,0x3C,2048,512,16,2,1,2048,1900,-1,0x03,0x03,1,98_3F_K9ACG.BIN,98_3F_K9ACG_LLF.BIN,0x13,0x03,0xFF,0xFF,0xFF,0xFF,0x00,0x88,0x00,9,9,72,0,0,0,1,5,0,1,0,0,0,1,0,0,0,0xFF,0xFF,0,0,0,1,0,0,0xFF,0x51,0x59,0,4,2,0x51,0x70,0x02,XX,0,0
Micron,MT29F128G08CBEAB,"0x2C,0x84,0x64,0x3C,0xA5,0x00",1,MLC,16384,83,7,0x87,1024,1024,32,1,1,1024,976,-1,1,1,1,98_94_L85_SDP.BIN,98_94_L85_SDP.BIN,0x13,0x03,0xFF,0xFF,0xFF,0xFF,0x00,0x88,0x00,6.5,6.5,40,0,0,0,0,8,0,0,0,0,0,1,0,0,1,0xFF,0xFF,0,0,0,1,0,0,0xFF,0x51,0x59,0,0,0,0x51,0x70,0x02,XX,0,0
Micron,MT29F256G08CEEAB,"0x2C,0x84,0x64,0x3C,0xA5,0x00",2,MLC,32768,84,4,0x88,2048,1024,32,1,1,2048,1920,-1,1,1,1,98_95_L85_DDP.BIN,98_95_L85_DDP.BIN,0x13,0x03,0xFF,0xFF,0xFF,0xFF,0x00,0x88,0x00,6.5,6.5,40,0,0,0,0,8,0,0,0,0,0,1,0,0,1,0xFF,0xFF,0,0,0,1,0,0,0xFF,0x51,0x59,0,0,0,0x51,0x70,0x02,XX,0,0
Micron,MT29F256G08CEEAB*2,"0x2C,0x84,0x64,0x3C,0xA5,0x00",4,MLC,65536,84,4,0x88,2048,1024,32,2,1,2048,1920,-1,1,1,1,98_95_L85_DDP.BIN,98_95_L85_DDP.BIN,0x13,0x03,0xFF,0xFF,0xFF,0xFF,0x00,0x88,0x00,6.5,6.5,40,0,0,0,0,8,0,0,0,0,0,1,0,0,1,0xFF,0xFF,0,0,0,1,0,0,0xFF,0x51,0x59,0,0,0,0x51,0x70,0x02,XX,0,0
Transcend,TFGSTBP-1Q06,"0xEC,0x3A,0xD9,0xDE,0x94,0xC5",2,TLC,32768,84,14,0x3C,2048,512,16,4,2,2048,1900,-1,0x03,0x03,1,98_3F_K9ACG.BIN,98_3F_K9ACG_LLF.BIN,0x13,0x03,0xFF,0xFF,0xFF,0xFF,0x00,0x88,0x22,9,9,72,0,0,0,1,5,0,1,0,0,0,1,0,0,0,0xFF,0xFF,0,0,0,1,0,1,"0x00,0x20,0x40,0x60,0x40,0x50,0x60,0x70,0x80,0x90,0xA0,0xB0,0xC0,0xD0,0xE0,0xF0",0x51,0x59,0,4,2,0x51,0x70,0x02,XX,0,0
Micron,NW629,"0x2C,0x84,0x64,0x3C,0xA5,0x00",1,MLC,16384,83,8,0x87,1024,1024,32,1,1,1024,976,-1,1,1,1,98_94_L85_SDP.BIN,98_94_L85_SDP.BIN,0x13,0x03,0xFF,0xFF,0xFF,0xFF,0x00,0x88,0x00,6.5,6.5,40,0,0,0,0,8,0,0,0,0,0,1,0,0,1,0xFF,0xFF,0,0,0,1,0,0,0xFF,0x51,0x59,0,0,0,0x51,0x70,0x02,XX,0,0
Micron,NW544,"0x2C,0x84,0x64,0x3C,0xA5,0x00",2,MLC,32768,84,5,0x88,2048,1024,32,1,1,2048,1920,-1,1,1,1,98_95_L85_DDP.BIN,98_95_L85_DDP.BIN,0x13,0x03,0xFF,0xFF,0xFF,0xFF,0x00,0x88,0x00,6.5,6.5,40,0,0,0,0,8,0,0,0,0,0,1,0,0,1,0xFF,0xFF,0,0,0,1,0,0,0xFF,0x51,0x59,0,0,0,0x51,0x70,0x02,XX,0,0
Transcend,TDGSTBP-1D04,"0xEC,0xDE,0x98,0xDE,0x94,0xC5",2,TLC,16384,83,24,0x3C,2048,512,16,2,1,2048,1900,-1,0x03,0x03,1,98_3F_K9ACG.BIN,98_3F_K9ACG_LLF.BIN,0x13,0x03,0xFF,0xFF,0xFF,0xFF,0x00,0x88,0x00,9,9,72,0,0,0,1,5,0,1,0,0,0,1,0,0,0,0xFF,0xFF,0,0,0,1,0,0,0xFF,0x51,0x59,0,4,2,0x51,0x70,0x02,XX,0,0
Transcend,TDGSTBP-1D06,"0xEC,0xDE,0x98,0xDE,0x94,0xC5",2,TLC,16384,83,25,0x3C,2048,512,16,2,1,2048,1900,-1,0x03,0x03,1,98_3F_K9ACG.BIN,98_3F_K9ACG_LLF.BIN,0x13,0x03,0xFF,0xFF,0xFF,0xFF,0x00,0x88,0x00,9,9,72,0,0,0,1,5,0,1,0,0,0,1,0,0,0,0xFF,0xFF,0,0,0,1,0,0,0xFF,0x51,0x59,0,4,2,0x51,0x70,0x02,XX,0,0
Transcend,TFGSTBP-1Q06*2,"0xEC,0x3A,0xD9,0xDE,0x94,0xC5",4,TLC,65536,84,14,0x3C,2048,512,16,8,2,2048,1900,-1,0x03,0x03,1,98_3F_K9ACG_10.BIN,98_3F_K9ACG_LLF.BIN,0x13,0x03,0xFF,0xFF,0xFF,0xFF,0x00,0x88,0x22,9,9,72,0,0,0,1,5,0,1,0,0,0,1,0,0,0,0xFF,0xFF,0,0,0,1,0,1,"0x00,0x20,0x40,0x60,0x40,0x50,0x60,0x70,0x80,0x90,0xA0,0xB0,0xC0,0xD0,0xE0,0xF0",0x51,0x59,0,4,2,0x51,0x70,0x02,XX,0,0
Transcend,TCGSMCP-0S03,"0xEC,0xDE,0xA4,0x32,0x68,0xC5",1,MLC,8192,82,43,0x3B,2048,512,16,1,1,2048,1900,-1,1,1,1,98_46_K9GCG_QP.BIN,98_46_K9GCG_QP.BIN,0x13,0x03,0xFF,0xFF,0xFF,0xFF,0x11,0x88,0x00,6.2,6.2,44,0,0,0,1,8,0,1,0,0,0,1,0,0,0,0xFF,0xFF,0,0,0,1,0,0,0xFF,0x51,0x59,0,0,0,0x51,0x70,0x02,XX,0,0
Transcend,TCGSMCP-0S04,"0xEC,0xDE,0xA4,0x32,0x68,0xC5",1,MLC,8192,82,44,0x3B,2048,512,16,1,1,2048,1900,-1,1,1,1,98_46_K9GCG_QP.BIN,98_46_K9GCG_QP.BIN,0x13,0x03,0xFF,0xFF,0xFF,0xFF,0x11,0x88,0x00,6.2,6.2,44,0,0,0,1,8,0,1,0,0,0,1,0,0,0,0xFF,0xFF,0,0,0,1,0,0,0xFF,0x51,0x59,0,0,0,0x51,0x70,0x02,XX,0,0
Transcend,TCGSMCP-0S06,"0xEC,0xDE,0xA4,0x32,0x68,0xC5",1,MLC,8192,82,45,0x3B,2048,512,16,1,1,2048,1900,-1,1,1,1,98_46_K9GCG_QP.BIN,98_46_K9GCG_QP.BIN,0x13,0x03,0xFF,0xFF,0xFF,0xFF,0x11,0x88,0x00,6.2,6.2,44,0,0,0,1,8,0,1,0,0,0,1,0,0,0,0xFF,0xFF,0,0,0,1,0,0,0xFF,0x51,0x59,0,0,0,0x51,0x70,0x02,XX,0,0
Transcend,TCGSMCP-0S03*2,"0xEC,0xDE,0xA4,0x32,0x68,0xC5",2,MLC,16384,82,43,0x3B,2048,512,16,2,1,2048,1900,-1,1,1,1,98_46_K9GCG_QP.BIN,98_46_K9GCG_QP.BIN,0x13,0x03,0xFF,0xFF,0xFF,0xFF,0x11,0x88,0x00,6.2,6.2,44,0,0,0,1,8,0,1,0,0,0,1,0,0,0,0xFF,0xFF,0,0,0,1,0,0,0xFF,0x51,0x59,0,0,0,0x51,0x70,0x02,XX,0,0
Transcend,TCGSMCP-0S04*2,"0xEC,0xDE,0xA4,0x32,0x68,0xC5",2,MLC,16384,82,44,0x3B,2048,512,16,2,1,2048,1900,-1,1,1,1,98_46_K9GCG_QP.BIN,98_46_K9GCG_QP.BIN,0x13,0x03,0xFF,0xFF,0xFF,0xFF,0x11,0x88,0x00,6.2,6.2,44,0,0,0,1,8,0,1,0,0,0,1,0,0,0,0xFF,0xFF,0,0,0,1,0,0,0xFF,0x51,0x59,0,0,0,0x51,0x70,0x02,XX,0,0
Transcend,TCGSMCP-0S06*2,"0xEC,0xDE,0xA4,0x32,0x68,0xC5",2,MLC,16384,82,45,0x3B,2048,512,16,2,1,2048,1900,-1,1,1,1,98_46_K9GCG_QP.BIN,98_46_K9GCG_QP.BIN,0x13,0x03,0xFF,0xFF,0xFF,0xFF,0x11,0x88,0x00,6.2,6.2,44,0,0,0,1,8,0,1,0,0,0,1,0,0,0,0xFF,0xFF,0,0,0,1,0,0,0xFF,0x51,0x59,0,0,0,0x51,0x70,0x02,XX,0,0
Transcend,TDGSTBP-1D03*2,"0xEC,0xDE,0x98,0xDE,0x94,0xC5",4,TLC,32768,83,23,0x3C,2048,512,16,4,1,2048,1900,-1,0x03,0x03,1,98_3F_K9ACG.BIN,98_3F_K9ACG_LLF.BIN,0x13,0x03,0xFF,0xFF,0xFF,0xFF,0x00,0x88,0x00,9,9,72,0,0,0,1,5,0,1,0,0,0,1,0,0,0,0xFF,0xFF,0,0,0,1,0,0,0xFF,0x51,0x59,0,4,2,0x51,0x70,0x02,XX,0,0
Transcend,TDGSTBP-1D04*2,"0xEC,0xDE,0x98,0xDE,0x94,0xC5",4,TLC,32768,83,24,0x3C,2048,512,16,4,1,2048,1900,-1,0x03,0x03,1,98_3F_K9ACG.BIN,98_3F_K9ACG_LLF.BIN,0x13,0x03,0xFF,0xFF,0xFF,0xFF,0x00,0x88,0x00,9,9,72,0,0,0,1,5,0,1,0,0,0,1,0,0,0,0xFF,0xFF,0,0,0,1,0,0,0xFF,0x51,0x59,0,4,2,0x51,0x70,0x02,XX,0,0
Transcend,TDGSTBP-1D06*2,"0xEC,0xDE,0x98,0xDE,0x94,0xC5",4,TLC,32768,83,25,0x3C,2048,512,16,4,1,2048,1900,-1,0x03,0x03,1,98_3F_K9ACG.BIN,98_3F_K9ACG_LLF.BIN,0x13,0x03,0xFF,0xFF,0xFF,0xFF,0x00,0x88,0x00,9,9,72,0,0,0,1,5,0,1,0,0,0,1,0,0,0,0xFF,0xFF,0,0,0,1,0,0,0xFF,0x51,0x59,0,4,2,0x51,0x70,0x02,XX,0,0
Transcend,FFGMMCP-1Q04,"0x2C,0x84,0xC5,0x4B,0xA9,0x00",2,MLC,32768,84,4,0x64,2048,512,16,2,2,2048,1920,-1,0x03,0x03,1,98_85_L74DDP_0F.BIN,98_85_L74DDP_0F.BIN,0x13,0x03,0xFF,0xFF,0xFF,0xFF,0x00,0x88,0x22,6.5,6.5,40,0,0,0,0,8,0,0,0,0,0,1,0,0,0,0xFF,0xFF,0,0,0,1,0,0,0xFF,0x51,0x59,0,0,0,0x51,0x70,0x02,XX,0,0
Transcend,FFGMMCP-1Q03,"0x2C,0x84,0xC5,0x4B,0xA9,0x00",2,MLC,32768,84,5,0x64,2048,512,16,2,2,2048,1920,-1,0x03,0x03,1,98_85_L74DDP_0F.BIN,98_85_L74DDP_0F.BIN,0x13,0x03,0xFF,0xFF,0xFF,0xFF,0x00,0x88,0x22,6.5,6.5,40,0,0,0,0,8,0,0,0,0,0,1,0,0,0,0xFF,0xFF,0,0,0,1,0,0,0xFF,0x51,0x59,0,0,0,0x51,0x70,0x02,XX,0,0
Transcend,FFGMMCP-1Q06,"0x2C,0x84,0xC5,0x4B,0xA9,0x00",2,MLC,32768,84,15,0x64,2048,512,16,2,2,2048,1920,-1,0x03,0x03,1,98_85_L74DDP_0F.BIN,98_85_L74DDP_0F.BIN,0x13,0x03,0xFF,0xFF,0xFF,0xFF,0x00,0x88,0x22,6.5,6.5,40,0,0,0,0,8,0,0,0,0,0,1,0,0,0,0xFF,0xFF,0,0,0,1,0,0,0xFF,0x51,0x59,0,0,0,0x51,0x70,0x02,XX,0,0
Transcend,FFGMMCP-1Q04*2,"0x2C,0x84,0xC5,0x4B,0xA9,0x00",4,MLC,65536,84,4,0x64,2048,512,16,4,2,2048,1920,-1,0x03,0x03,1,98_85_L74DDP_0F.BIN,98_85_L74DDP_0F.BIN,0x13,0x03,0xFF,0xFF,0xFF,0xFF,0x00,0x88,0x22,6.5,6.5,40,0,0,0,0,8,0,0,0,0,0,1,0,0,0,0xFF,0xFF,0,0,0,1,0,0,0xFF,0x51,0x59,0,0,0,0x51,0x70,0x02,XX,0,0
Transcend,FFGMMCP-1Q03*2,"0x2C,0x84,0xC5,0x4B,0xA9,0x00",4,MLC,65536,84,5,0x64,2048,512,16,4,2,2048,1920,-1,0x03,0x03,1,98_85_L74DDP_0F.BIN,98_85_L74DDP_0F.BIN,0x13,0x03,0xFF,0xFF,0xFF,0xFF,0x00,0x88,0x22,6.5,6.5,40,0,0,0,0,8,0,0,0,0,0,1,0,0,0,0xFF,0xFF,0,0,0,1,0,0,0xFF,0x51,0x59,0,0,0,0x51,0x70,0x02,XX,0,0
Transcend,FFGMMCP-1Q06*2,"0x2C,0x84,0xC5,0x4B,0xA9,0x00",4,MLC,65536,84,15,0x64,2048,512,16,4,2,2048,1920,-1,0x03,0x03,1,98_85_L74DDP_0F.BIN,98_85_L74DDP_0F.BIN,0x13,0x03,0xFF,0xFF,0xFF,0xFF,0x00,0x88,0x22,6.5,6.5,40,0,0,0,0,8,0,0,0,0,0,1,0,0,0,0xFF,0xFF,0,0,0,1,0,0,0xFF,0x51,0x59,0,0,0,0x51,0x70,0x02,XX,0,0
Transcend,FBGSMBP-0S03,"0xEC,0xD7,0x94,0x7E,0x64,0x44",1,MLC,4096,81,54,0x02,2048,256,16,1,1,2048,2018,-1,0x03,0x03,1,98_30_K9GBG.BIN,98_30_K9GBG.BIN,0x13,0x03,0xFF,0xFF,0xFF,0xFF,0x11,0x88,0x00,6.5,6.5,72,0,0,0,1,8,0,0,0,0,0,1,0,0,0,0xFF,0xFF,0,0,0,1,0,0,0xFF,0x51,0x59,0,0,0,0x51,0x70,0x02,XX,0,0
Transcend,FBGSMBP-0S04,"0xEC,0xD7,0x94,0x7E,0x64,0x44",1,MLC,4096,81,55,0x02,2048,256,16,1,1,2048,2018,-1,0x03,0x03,1,98_30_K9GBG.BIN,98_30_K9GBG.BIN,0x13,0x03,0xFF,0xFF,0xFF,0xFF,0x11,0x88,0x00,6.5,6.5,72,0,0,0,1,8,0,0,0,0,0,1,0,0,0,0xFF,0xFF,0,0,0,1,0,0,0xFF,0x51,0x59,0,0,0,0x51,0x70,0x02,XX,0,0
Transcend,FBGSMBP-0S06,"0xEC,0xD7,0x94,0x7E,0x64,0x44",1,MLC,4096,81,56,0x02,2048,256,16,1,1,2048,2018,-1,0x03,0x03,1,98_30_K9GBG.BIN,98_30_K9GBG.BIN,0x13,0x03,0xFF,0xFF,0xFF,0xFF,0x11,0x88,0x00,6.5,6.5,72,0,0,0,1,8,0,0,0,0,0,1,0,0,0,0xFF,0xFF,0,0,0,1,0,0,0xFF,0x51,0x59,0,0,0,0x51,0x70,0x02,XX,0,0
Spectek,PFCO9,"0x2C,0x84,0x64,0x3C,0xA5,0x00",1,MLC,16384,83,3,0x87,1024,1024,32,1,1,1024,976,-1,1,1,1,98_94_L85_SDP.BIN,98_94_L85_SDP.BIN,0x13,0x03,0xFF,0xFF,0xFF,0xFF,0x00,0x88,0x00,6.5,6.5,40,0,0,0,0,8,0,0,0,0,0,1,0,0,1,0xFF,0xFF,0,0,0,1,0,0,0xFF,0x51,0x59,0,0,0,0x51,0x70,0x02,XX,0,0
Spectek,FBNL85A71KDBABH6,"0x2C,0x84,0x64,0x3C,0xA5,0x00",1,MLC,16384,83,1,0x87,1024,1024,32,1,1,1024,976,-1,1,1,1,98_94_L85_SDP.BIN,98_94_L85_SDP.BIN,0x13,0x03,0xFF,0xFF,0xFF,0xFF,0x00,0x88,0x00,6.5,6.5,40,0,0,0,0,8,0,0,0,0,0,1,0,0,1,0xFF,0xFF,0,0,0,1,0,0,0xFF,0x51,0x59,0,0,0,0x51,0x70,0x02,XX,0,0
Spectek,PFC13,"0x2C,0x84,0x64,0x3C,0xA5,0x00",1,MLC,16384,83,4,0x87,1024,1024,32,1,1,1024,976,-1,1,1,1,98_94_L85_SDP.BIN,98_94_L85_SDP.BIN,0x13,0x03,0xFF,0xFF,0xFF,0xFF,0x00,0x88,0x00,6.5,6.5,40,0,0,0,0,8,0,0,0,0,0,1,0,0,1,0xFF,0xFF,0,0,0,1,0,0,0xFF,0x51,0x59,0,0,0,0x51,0x70,0x02,XX,0,0
Spectek,FBNL85A71KDBAAH6,"0x2C,0x84,0x64,0x3C,0xA5,0x00",1,MLC,16384,83,2,0x87,1024,1024,32,1,1,1024,976,-1,1,1,1,98_94_L85_SDP.BIN,98_94_L85_SDP.BIN,0x13,0x03,0xFF,0xFF,0xFF,0xFF,0x00,0x88,0x00,6.5,6.5,40,0,0,0,0,8,0,0,0,0,0,1,0,0,1,0xFF,0xFF,0,0,0,1,0,0,0xFF,0x51,0x59,0,0,0,0x51,0x70,0x02,XX,0,0
Spectek,FBNL85A81KDEABH6,"0x2C,0x84,0x64,0x3C,0xA5,0x00",2,MLC,32768,84,1,0x88,2048,1024,32,1,1,2048,1920,-1,1,1,1,98_95_L85_DDP.BIN,98_95_L85_DDP.BIN,0x13,0x03,0xFF,0xFF,0xFF,0xFF,0x00,0x88,0x00,6.5,6.5,40,0,0,0,0,8,0,0,0,0,0,1,0,0,1,0xFF,0xFF,0,0,0,1,0,0,0xFF,0x51,0x59,0,0,0,0x51,0x70,0x02,XX,0,0
Spectek,PF532,"0x2C,0x84,0x64,0x3C,0xA5,0x00",2,MLC,32768,84,2,0x88,2048,1024,32,1,1,2048,1920,-1,1,1,1,98_95_L85_DDP.BIN,98_95_L85_DDP.BIN,0x13,0x03,0xFF,0xFF,0xFF,0xFF,0x00,0x88,0x00,6.5,6.5,40,0,0,0,0,8,0,0,0,0,0,1,0,0,1,0xFF,0xFF,0,0,0,1,0,0,0xFF,0x51,0x59,0,0,0,0x51,0x70,0x02,XX,0,0
Micron,MT29F128G08CFABB,"0x2C,0x64,0x44,0x4B,0xA9,0x00",2,MLC,16384,83,12,0x64,2048,512,16,1,1,2048,1920,-1,0x03,0x03,1,98_85_L74DDP_0F.BIN,98_85_L74DDP_0F.BIN,0x13,0x03,0xFF,0xFF,0xFF,0xFF,0x00,0x88,0x00,6.5,6.5,40,0,0,0,0,8,0,0,0,0,0,1,0,0,1,0xFF,0xFF,0,0,0,1,0,0,0xFF,0x51,0x59,0,0,0,0x51,0x70,0x02,XX,0,0
Micron,MT29F128G08CFABB*2,"0x2C,0x64,0x44,0x4B,0xA9,0x00",4,MLC,32768,83,12,0x64,2048,512,16,2,1,2048,1920,-1,0x03,0x03,1,98_85_L74DDP_0F.BIN,98_85_L74DDP_0F.BIN,0x13,0x03,0xFF,0xFF,0xFF,0xFF,0x00,0x88,0x22,6.5,6.5,40,0,0,0,0,8,0,0,0,0,0,1,0,0,1,0xFF,0xFF,0,0,0,1,0,0,0xFF,0x51,0x59,0,0,0,0x51,0x70,0x02,XX,0,0
Transcend,TFGDT1P-1D03,"0x45,0x4C,0xA8,0x92,0x76,0x57",2,TLC,32768,84,2,0x9C,1024,1032,16,2,1,2048,1980,-1,1,1,1,98_9C_7T2J_BCT.BIN,98_9C_7T2J_MP.BIN,0x13,0x03,0xFF,0xFF,0xFF,0xFF,0x33,0x11,0x00,9,9,68,0,0,0,1,5,0,0,0,0,1,0,1,0,0,98_EX3TABLE_V2.BIN,0xFF,0,128,30,1,0,0,0xFF,0x51,0x59,0,0,0,0x51,0x70,0x02,XX,0,0
Transcend,TFGDT1P-1D03*2,"0x45,0x4C,0xA8,0x92,0x76,0x57",4,TLC,65536,84,2,0x9C,1024,1032,16,4,1,2048,1980,-1,1,1,1,98_9C_7T2J_BCT.BIN,98_9C_7T2J_MP.BIN,0x13,0x03,0xFF,0xFF,0xFF,0xFF,0x00,0x11,0x00,9,9,68,0,0,0,1,5,0,0,0,0,1,0,1,0,0,98_EX3TABLE_V2.BIN,0xFF,0,128,30,1,0,0,0xFF,0x51,0x59,0,0,0,0x51,0x70,0x02,XX,0,0
Sandisk,SDTNRCAMA-008G,"0x45,0xDE,0x98,0x92,0x72,0x50",1,TLC,8192,82,7,0x8C,2048,516,16,1,1,2084,2018,-1,1,1,1,98_8E_EX3.BIN,98_8C_EX3_MP.BIN,0x13,0x03,0xFF,0xFF,0xFF,0xFF,0x00,0x88,0x00,6.5,6.5,68,0,0,0,1,5,0,0,0,0,1,0,0,0,0,98_EX3TABLE_1Ynm.BIN,0xFF,0,128,30,1,1,0,0xFF,0x51,0x59,0,0,0,0x51,0x70,0x02,XX,0,1
Transcend,TDGMMDW-0S03,"0x2C,0x84,0x64,0x3C,0xA5,0x00",1,MLC,16384,83,30,0x87,1024,1024,32,1,1,1024,976,-1,1,1,1,98_94_L85_SDP.BIN,98_94_L85_SDP.BIN,0x13,0x03,0xFF,0xFF,0xFF,0xFF,0x00,0x88,0x00,6.5,6.5,40,0,0,0,0,8,0,0,0,0,0,1,0,0,1,0xFF,0xFF,0,0,0,1,0,0,0xFF,0x51,0x59,0,0,0,0x51,0x70,0x02,XX,0,0
Transcend,TDGMMDW-0S04,"0x2C,0x84,0x64,0x3C,0xA5,0x00",1,MLC,16384,83,31,0x87,1024,1024,32,1,1,1024,976,-1,1,1,1,98_94_L85_SDP.BIN,98_94_L85_SDP.BIN,0x13,0x03,0xFF,0xFF,0xFF,0xFF,0x00,0x88,0x00,6.5,6.5,40,0,0,0,0,8,0,0,0,0,0,1,0,0,1,0xFF,0xFF,0,0,0,1,0,0,0xFF,0x51,0x59,0,0,0,0x51,0x70,0x02,XX,0,0
Transcend,TDGMMDW-0S06,"0x2C,0x84,0x64,0x3C,0xA5,0x00",1,MLC,16384,83,32,0x87,1024,1024,32,1,1,1024,976,-1,1,1,1,98_94_L85_SDP.BIN,98_94_L85_SDP.BIN,0x13,0x03,0xFF,0xFF,0xFF,0xFF,0x00,0x88,0x00,6.5,6.5,40,0,0,0,0,8,0,0,0,0,0,1,0,0,1,0xFF,0xFF,0,0,0,1,0,0,0xFF,0x51,0x59,0,0,0,0x51,0x70,0x02,XX,0,0
Sandisk,SDTNRCAMA-008G*2,"0x45,0xDE,0x98,0x92,0x72,0x50",2,TLC,16384,82,7,0x8D,2048,516,16,1,1,2084,2018,-1,1,1,1,98_8F_EX3.BIN,98_8F_EX3_MP.BIN,0x13,0x03,0xFF,0xFF,0xFF,0xFF,0x00,0x88,0x22,6.5,6.5,68,0,0,0,1,5,0,0,0,0,1,0,0,0,0,98_EX3TABLE_1Ynm.BIN,0xFF,0,128,30,1,1,0,0xFF,0x51,0x59,0,0,0,0x51,0x70,0x02,XX,0,1
Transcend,TAGSTBP-0S03,"0xEC,0xD5,0x98,0xDE,0x94,0xC5",1,TLC,2048,80,29,0x3C,2048,512,16,1,1,2048,1900,535,0x03,0x03,1,98_3F_K9ACG.BIN,98_3F_K9ACG.BIN,0x13,0x03,0xFF,0xFF,0xFF,0xFF,0x00,0x88,0x00,6.2,6.2,72,0,0,0,1,5,0,1,0,0,0,1,0,0,0,0xFF,0xFF,0,0,0,1,0,0,0xFF,0x51,0x59,0,0,0,0x00,0x00,0x02,XX,0,0
